{
  "timestamp": "2026-02-18T19:26:23.713875",
  "results": {
    "train": {
      "label": "train",
      "n_samples": 216,
      "accuracy": 0.5139,
      "acceptable_pct": 73.61,
      "mean_regret": 0.000159,
      "median_regret": 0.0,
      "max_regret": 0.003769,
      "sbs_algorithm": "introsort",
      "sbs_gap_pct": 22.47,
      "model_gap_pct": 4.04,
      "gap_recovery": 82.01,
      "regression": {
        "introsort": {
          "mae": 0.0013902880560905302,
          "rmse": 0.0018194135271336427,
          "r2": 0.918609493602691
        },
        "heapsort": {
          "mae": 0.0014207409655042553,
          "rmse": 0.0019293827164089806,
          "r2": 0.9106939165058141
        },
        "timsort": {
          "mae": 0.002079586229510992,
          "rmse": 0.0036867709814520496,
          "r2": 0.9661685942367984
        }
      },
      "confusion_matrix": [
        [
          28,
          26,
          13
        ],
        [
          24,
          45,
          26
        ],
        [
          0,
          16,
          38
        ]
      ],
      "confusion_labels": [
        "introsort",
        "heapsort",
        "timsort"
      ],
      "pred_algo_dist": {
        "introsort": 52,
        "heapsort": 87,
        "timsort": 77
      },
      "true_algo_dist": {
        "introsort": 67,
        "heapsort": 95,
        "timsort": 54
      },
      "breakdown_structure": {
        "few_unique": {
          "n": 36,
          "accuracy": 0.6667
        },
        "nearly_sorted": {
          "n": 36,
          "accuracy": 0.2778
        },
        "random": {
          "n": 36,
          "accuracy": 0.3611
        },
        "reverse_sorted": {
          "n": 36,
          "accuracy": 0.4722
        },
        "sorted": {
          "n": 36,
          "accuracy": 0.9444
        },
        "sorted_runs": {
          "n": 36,
          "accuracy": 0.3611
        }
      },
      "breakdown_distribution": {
        "normal": {
          "n": 108,
          "accuracy": 0.5463
        },
        "uniform": {
          "n": 108,
          "accuracy": 0.4815
        }
      },
      "breakdown_size": {
        "10K-50K": {
          "n": 72,
          "accuracy": 0.375
        },
        "50K-200K": {
          "n": 36,
          "accuracy": 0.4722
        },
        "200K-1M": {
          "n": 72,
          "accuracy": 0.6667
        },
        ">1M": {
          "n": 36,
          "accuracy": 0.5278
        }
      }
    },
    "val": {
      "label": "val",
      "n_samples": 72,
      "accuracy": 0.4306,
      "acceptable_pct": 69.44,
      "mean_regret": 0.000312,
      "median_regret": 1e-05,
      "max_regret": 0.004884,
      "sbs_algorithm": "heapsort",
      "sbs_gap_pct": 21.84,
      "model_gap_pct": 7.9,
      "gap_recovery": 63.82,
      "regression": {
        "introsort": {
          "mae": 0.0015587141145563994,
          "rmse": 0.002227004272080362,
          "r2": 0.8889223212723525
        },
        "heapsort": {
          "mae": 0.0013413758325542505,
          "rmse": 0.0017934165565514073,
          "r2": 0.9204345762340397
        },
        "timsort": {
          "mae": 0.0025245149445254356,
          "rmse": 0.004142828708826072,
          "r2": 0.9564821554962575
        }
      },
      "confusion_matrix": [
        [
          6,
          10,
          6
        ],
        [
          12,
          14,
          6
        ],
        [
          2,
          5,
          11
        ]
      ],
      "confusion_labels": [
        "introsort",
        "heapsort",
        "timsort"
      ],
      "pred_algo_dist": {
        "introsort": 20,
        "heapsort": 29,
        "timsort": 23
      },
      "true_algo_dist": {
        "introsort": 22,
        "heapsort": 32,
        "timsort": 18
      },
      "breakdown_structure": {
        "few_unique": {
          "n": 12,
          "accuracy": 0.5833
        },
        "nearly_sorted": {
          "n": 12,
          "accuracy": 0.1667
        },
        "random": {
          "n": 12,
          "accuracy": 0.5833
        },
        "reverse_sorted": {
          "n": 12,
          "accuracy": 0.25
        },
        "sorted": {
          "n": 12,
          "accuracy": 0.9167
        },
        "sorted_runs": {
          "n": 12,
          "accuracy": 0.0833
        }
      },
      "breakdown_distribution": {
        "normal": {
          "n": 36,
          "accuracy": 0.4722
        },
        "uniform": {
          "n": 36,
          "accuracy": 0.3889
        }
      },
      "breakdown_size": {
        "10K-50K": {
          "n": 24,
          "accuracy": 0.375
        },
        "50K-200K": {
          "n": 12,
          "accuracy": 0.5
        },
        "200K-1M": {
          "n": 24,
          "accuracy": 0.4583
        },
        ">1M": {
          "n": 12,
          "accuracy": 0.4167
        }
      }
    },
    "test_A": {
      "label": "test_A",
      "n_samples": 72,
      "accuracy": 0.4444,
      "acceptable_pct": 68.06,
      "mean_regret": 0.00021,
      "median_regret": 4e-06,
      "max_regret": 0.003677,
      "sbs_algorithm": "heapsort",
      "sbs_gap_pct": 23.1,
      "model_gap_pct": 5.32,
      "gap_recovery": 76.97,
      "regression": {
        "introsort": {
          "mae": 0.0014873238093665957,
          "rmse": 0.002026002909797384,
          "r2": 0.9032809514090976
        },
        "heapsort": {
          "mae": 0.0014273425539512471,
          "rmse": 0.001923184596507896,
          "r2": 0.9109009543364917
        },
        "timsort": {
          "mae": 0.002465890468101861,
          "rmse": 0.0040669336769772685,
          "r2": 0.9583909789216583
        }
      },
      "confusion_matrix": [
        [
          8,
          13,
          4
        ],
        [
          7,
          13,
          9
        ],
        [
          1,
          6,
          11
        ]
      ],
      "confusion_labels": [
        "introsort",
        "heapsort",
        "timsort"
      ],
      "pred_algo_dist": {
        "introsort": 16,
        "heapsort": 32,
        "timsort": 24
      },
      "true_algo_dist": {
        "introsort": 25,
        "heapsort": 29,
        "timsort": 18
      },
      "breakdown_structure": {
        "few_unique": {
          "n": 12,
          "accuracy": 0.5833
        },
        "nearly_sorted": {
          "n": 12,
          "accuracy": 0.3333
        },
        "random": {
          "n": 12,
          "accuracy": 0.5833
        },
        "reverse_sorted": {
          "n": 12,
          "accuracy": 0.0833
        },
        "sorted": {
          "n": 12,
          "accuracy": 0.9167
        },
        "sorted_runs": {
          "n": 12,
          "accuracy": 0.1667
        }
      },
      "breakdown_distribution": {
        "normal": {
          "n": 36,
          "accuracy": 0.4722
        },
        "uniform": {
          "n": 36,
          "accuracy": 0.4167
        }
      },
      "breakdown_size": {
        "10K-50K": {
          "n": 24,
          "accuracy": 0.3333
        },
        "50K-200K": {
          "n": 12,
          "accuracy": 0.3333
        },
        "200K-1M": {
          "n": 24,
          "accuracy": 0.5417
        },
        ">1M": {
          "n": 12,
          "accuracy": 0.5833
        }
      }
    },
    "test_B": {
      "label": "test_B",
      "n_samples": 360,
      "accuracy": 0.525,
      "acceptable_pct": 85.0,
      "mean_regret": 0.000383,
      "median_regret": 0.0,
      "max_regret": 0.008894,
      "sbs_algorithm": "heapsort",
      "sbs_gap_pct": 23.26,
      "model_gap_pct": 9.62,
      "gap_recovery": 58.65,
      "regression": {
        "introsort": {
          "mae": 0.0025724745260150587,
          "rmse": 0.0036757667547459506,
          "r2": 0.6858153921170753
        },
        "heapsort": {
          "mae": 0.002630443202360766,
          "rmse": 0.003968225303636511,
          "r2": 0.6352862776704512
        },