{
  "timestamp": "2026-04-12T00:20:26.314098",
  "xgb_params": {
    "n_estimators": 500,
    "max_depth": 7,
    "learning_rate": 0.05,
    "subsample": 0.8,
    "colsample_bytree": 0.8,
    "min_child_weight": 5,
    "reg_alpha": 0.1,
    "reg_lambda": 1.0,
    "random_state": 42,
    "n_jobs": -1,
    "tree_method": "hist",
    "objective": "multi:softprob",
    "num_class": 3,
    "eval_metric": "mlogloss"
  },
  "features": [
    "length_norm",
    "adj_sorted_ratio",
    "duplicate_ratio",
    "dispersion_ratio",
    "runs_ratio",
    "inversion_ratio",
    "entropy_ratio",
    "skewness_t",
    "kurtosis_excess_t",
    "longest_run_ratio",
    "iqr_norm",
    "mad_norm",
    "top1_freq_ratio",
    "top5_freq_ratio",
    "outlier_ratio",
    "mean_abs_diff_norm"
  ],
  "algorithms": [
    "introsort",
    "heapsort",
    "timsort"
  ],
  "dataset": {
    "total_raw": 1188265,
    "after_undersample": 335754,
    "train": 235027,
    "val": 50363,
    "test": 50364
  },
  "results": {
    "train": {
      "accuracy": 0.7841269300973931,
      "balanced_accuracy": 0.7459066990092679,
      "confusion_matrix": [
        [
          23908,
          10892,
          2044
        ],
        [
          25301,
          58352,
          3999
        ],
        [
          3726,
          4774,
          102031
        ]
      ],
      "classification_report": {
        "introsort": {
          "precision": 0.45164824785113816,
          "recall": 0.6488980566713712,
          "f1-score": 0.532596709698259,
          "support": 36844.0
        },
        "heapsort": {
          "precision": 0.78834878002648,
          "recall": 0.6657235431022681,
          "f1-score": 0.7218655285458032,
          "support": 87652.0
        },
        "timsort": {
          "precision": 0.944084608694043,
          "recall": 0.923098497254164,
          "f1-score": 0.93347361679742,
          "support": 110531.0
        },
        "accuracy": 0.7841269300973931,
        "macro avg": {
          "precision": 0.7280272121905537,
          "recall": 0.7459066990092679,
          "f1-score": 0.7293119516804941,
          "support": 235027.0
        },
        "weighted avg": {
          "precision": 0.8088070357629958,
          "recall": 0.7841269300973931,
          "f1-score": 0.7917121131548929,
          "support": 235027.0
        }
      }
    },
    "val": {
      "accuracy": 0.7245199849095566,
      "balanced_accuracy": 0.6575589223188144,
      "confusion_matrix": [
        [
          3660,
          3683,
          552
        ],
        [
          6716,
          11165,
          902
        ],
        [
          884,
          1137,
          21664
        ]
      ],
      "classification_report": {
        "introsort": {
          "precision": 0.325044404973357,
          "recall": 0.4635845471817606,
          "f1-score": 0.38214565387627253,
          "support": 7895.0
        },
        "heapsort": {
          "precision": 0.6984673131060369,
          "recall": 0.5944204866102326,
          "f1-score": 0.6422572480441786,
          "support": 18783.0
        },
        "timsort": {
          "precision": 0.9371052859243879,
          "recall": 0.91467173316445,
          "f1-score": 0.9257526226951264,
          "support": 23685.0
        },
        "accuracy": 0.7245199849095566,
        "macro avg": {
          "precision": 0.653539001334594,
          "recall": 0.6575589223188144,
          "f1-score": 0.6500518415385258,
          "support": 50363.0
        },
        "weighted avg": {
          "precision": 0.7521568575433248,
          "recall": 0.7245199849095566,
          "f1-score": 0.7348054860890147,
          "support": 50363.0
        }
      }
    },
    "test": {
      "accuracy": 0.7280398697482329,
      "balanced_accuracy": 0.6624901248689185,
      "confusion_matrix": [
        [
          3746,
          3626,
          523
        ],
        [
          6707,
          11170,
          906
        ],
        [
          873,
          1062,
          21751
        ]
      ],
      "classification_report": {
        "introsort": {
          "precision": 0.330743422214374,
          "recall": 0.4744775174160861,
          "f1-score": 0.38978200926070444,
          "support": 7895.0
        },
        "heapsort": {
          "precision": 0.7043763400176567,
          "recall": 0.5946866847681413,
          "f1-score": 0.6449005513697642,
          "support": 18783.0
        },
        "timsort": {
          "precision": 0.9383520276100086,
          "recall": 0.9183061724225281,
          "f1-score": 0.9282208850766014,
          "support": 23686.0
        },
        "accuracy": 0.7280398697482329,
        "macro avg": {
          "precision": 0.6578239299473464,
          "recall": 0.6624901248689185,
          "f1-score": 0.6543011485690233,
          "support": 50364.0
        },
        "weighted avg": {
          "precision": 0.7558439805993327,
          "recall": 0.7280398697482329,
          "f1-score": 0.7381529644868542,
          "support": 50364.0
        }
      }
    }
  },
  "feature_importance": [
    {
      "feature": "entropy_ratio",
      "importance": 0.23350514471530914
    },
    {
      "feature": "length_norm",
      "importance": 0.15415328741073608
    },
    {
      "feature": "duplicate_ratio",
      "importance": 0.11430103331804276
    },
    {
      "feature": "top5_freq_ratio",
      "importance": 0.0864761471748352
    },
    {
      "feature": "longest_run_ratio",
      "importance": 0.08119075745344162
    },
    {
      "feature": "inversion_ratio",
      "importance": 0.052727021276950836
    },
    {
      "feature": "adj_sorted_ratio",
      "importance": 0.045453254133462906
    },
    {
      "feature": "runs_ratio",
      "importance": 0.04504577815532684
    },
    {
      "feature": "top1_freq_ratio",
      "importance": 0.04215027764439583
    },
    {
      "feature": "mean_abs_diff_norm",
      "importance": 0.041276197880506516
    },
    {
      "feature": "mad_norm",
      "importance": 0.021226512268185616
    },
    {
      "feature": "dispersion_ratio",
      "importance": 0.01870250701904297
    },
    {
      "feature": "iqr_norm",
      "importance": 0.017249731346964836
    },
    {
      "feature": "kurtosis_excess_t",
      "importance": 0.015555836260318756
    },
    {
      "feature": "skewness_t",
      "importance": 0.015509377233684063
    },
    {
      "feature": "outlier_ratio",
      "importance": 0.015477140434086323
    }
  ]
}