{
  "channel": "DRS",
  "status": "trained",
  "classes": [
    "heap_sort",
    "merge_sort",
    "shell_sort"
  ],
  "rows_total": 2457,
  "rows_train": 1719,
  "rows_val": 369,
  "rows_test": 369,
  "metrics": {
    "train": {
      "accuracy": 0.9406631762652705,
      "balanced_accuracy": 0.9438761664774459,
      "confusion_matrix": [
        [
          731,
          4,
          2
        ],
        [
          11,
          234,
          0
        ],
        [
          83,
          2,
          652
        ]
      ],
      "classification_report": {
        "heap_sort": {
          "precision": 0.8860606060606061,
          "recall": 0.9918588873812755,
          "f1-score": 0.9359795134443022,
          "support": 737.0
        },
        "merge_sort": {
          "precision": 0.975,
          "recall": 0.9551020408163265,
          "f1-score": 0.9649484536082474,
          "support": 245.0
        },
        "shell_sort": {
          "precision": 0.9969418960244648,
          "recall": 0.8846675712347354,
          "f1-score": 0.9374550682961897,
          "support": 737.0
        },
        "accuracy": 0.9406631762652705,
        "macro avg": {
          "precision": 0.9526675006950236,
          "recall": 0.9438761664774459,
          "f1-score": 0.9461276784495798,
          "support": 1719.0
        },
        "weighted avg": {
          "precision": 0.9462756509812085,
          "recall": 0.9406631762652705,
          "f1-score": 0.9407409295385475,
          "support": 1719.0
        }
      },
      "n_rows": 1719
    },
    "val": {
      "accuracy": 0.6693766937669376,
      "balanced_accuracy": 0.5879707029695088,
      "confusion_matrix": [
        [
          129,
          11,
          18
        ],
        [
          9,
          16,
          28
        ],
        [
          24,
          32,
          102
        ]
      ],
      "classification_report": {
        "heap_sort": {
          "precision": 0.7962962962962963,
          "recall": 0.8164556962025317,
          "f1-score": 0.80625,
          "support": 158.0
        },
        "merge_sort": {
          "precision": 0.2711864406779661,
          "recall": 0.3018867924528302,
          "f1-score": 0.2857142857142857,
          "support": 53.0
        },
        "shell_sort": {
          "precision": 0.6891891891891891,
          "recall": 0.6455696202531646,
          "f1-score": 0.6666666666666666,
          "support": 158.0
        },
        "accuracy": 0.6693766937669376,
        "macro avg": {
          "precision": 0.5855573087211505,
          "recall": 0.5879707029695088,
          "f1-score": 0.5862103174603175,
          "support": 369.0
        },
        "weighted avg": {
          "precision": 0.6750124337740891,
          "recall": 0.6693766937669376,
          "f1-score": 0.6717173183636598,
          "support": 369.0
        }
      },
      "n_rows": 369
    },
    "test": {
      "accuracy": 0.6856368563685636,
      "balanced_accuracy": 0.5880901202133587,
      "confusion_matrix": [
        [
          137,
          8,
          13
        ],
        [
          8,
          13,
          32
        ],
        [
          30,
          25,
          103
        ]
      ],
      "classification_report": {
        "heap_sort": {
          "precision": 0.7828571428571428,
          "recall": 0.8670886075949367,
          "f1-score": 0.8228228228228228,
          "support": 158.0
        },
        "merge_sort": {
          "precision": 0.2826086956521739,
          "recall": 0.24528301886792453,
          "f1-score": 0.26262626262626265,
          "support": 53.0
        },
        "shell_sort": {
          "precision": 0.6959459459459459,
          "recall": 0.6518987341772152,
          "f1-score": 0.673202614379085,
          "support": 158.0
        },
        "accuracy": 0.6856368563685636,
        "macro avg": {
          "precision": 0.5871372614850876,
          "recall": 0.5880901202133587,
          "f1-score": 0.5862172332760568,
          "support": 369.0
        },
        "weighted avg": {
          "precision": 0.6737917314375427,
          "recall": 0.6856368563685636,
          "f1-score": 0.6782959647617706,
          "support": 369.0
        }
      },
      "n_rows": 369
    }
  },
  "feature_columns": [
    "n_elements",
    "length_norm",
    "adj_sorted_ratio",
    "duplicate_ratio",
    "dispersion_ratio",
    "runs_ratio",
    "inversion_ratio",
    "entropy_ratio",
    "skewness_t",
    "kurtosis_excess_t",
    "longest_run_ratio",
    "iqr_norm",
    "mad_norm",
    "top1_freq_ratio",
    "top5_freq_ratio",
    "outlier_ratio",
    "mean_abs_diff_norm"
  ],
  "xgb_params": {
    "n_estimators": 500,
    "max_depth": 7,
    "learning_rate": 0.05,
    "subsample": 0.8,
    "colsample_bytree": 0.8,
    "min_child_weight": 5,
    "reg_alpha": 0.1,
    "reg_lambda": 1.0,
    "random_state": 42,
    "n_jobs": -1,
    "tree_method": "hist",
    "objective": "multi:softprob",
    "eval_metric": "mlogloss",
    "num_class": 3
  },
  "channel_balance_max_ratio": 3.0,
  "dropped_rare_classes": [
    "introsort"
  ],
  "class_counts_before_drop": {
    "heap_sort": 40769,
    "shell_sort": 7426,
    "merge_sort": 351,
    "introsort": 1
  },
  "class_counts_after_drop": {
    "heap_sort": 1053,
    "shell_sort": 1053,
    "merge_sort": 351
  },
  "model_path": "/Users/ahmed/Desktop/thesis/My-Master-thesis/models/xgboost_v5_f1_per_channel/DRS/xgb_model.json"
}