{
  "channel": "DRS",
  "status": "trained",
  "classes": [
    "heap_sort",
    "merge_sort",
    "shell_sort"
  ],
  "rows_total": 266,
  "rows_raw": 1804,
  "rows_after_margin": 1804,
  "rows_after_drop": 1803,
  "rows_after_balance": 266,
  "rows_train": 186,
  "rows_val": 40,
  "rows_test": 40,
  "metrics": {
    "train": {
      "accuracy": 0.989247311827957,
      "balanced_accuracy": 0.9916666666666667,
      "confusion_matrix": [
        [
          79,
          1,
          0
        ],
        [
          0,
          26,
          0
        ],
        [
          0,
          1,
          79
        ]
      ],
      "classification_report": {
        "heap_sort": {
          "precision": 1.0,
          "recall": 0.9875,
          "f1-score": 0.9937106918238994,
          "support": 80.0
        },
        "merge_sort": {
          "precision": 0.9285714285714286,
          "recall": 1.0,
          "f1-score": 0.9629629629629629,
          "support": 26.0
        },
        "shell_sort": {
          "precision": 1.0,
          "recall": 0.9875,
          "f1-score": 0.9937106918238994,
          "support": 80.0
        },
        "accuracy": 0.989247311827957,
        "macro avg": {
          "precision": 0.9761904761904763,
          "recall": 0.9916666666666667,
          "f1-score": 0.983461448870254,
          "support": 186.0
        },
        "weighted avg": {
          "precision": 0.9900153609831029,
          "recall": 0.989247311827957,
          "f1-score": 0.9894126221981772,
          "support": 186.0
        }
      },
      "n_rows": 186
    },
    "val": {
      "accuracy": 0.625,
      "balanced_accuracy": 0.6339869281045751,
      "confusion_matrix": [
        [
          10,
          3,
          4
        ],
        [
          0,
          4,
          2
        ],
        [
          6,
          0,
          11
        ]
      ],
      "classification_report": {
        "heap_sort": {
          "precision": 0.625,
          "recall": 0.5882352941176471,
          "f1-score": 0.6060606060606061,
          "support": 17.0
        },
        "merge_sort": {
          "precision": 0.5714285714285714,
          "recall": 0.6666666666666666,
          "f1-score": 0.6153846153846154,
          "support": 6.0
        },
        "shell_sort": {
          "precision": 0.6470588235294118,
          "recall": 0.6470588235294118,
          "f1-score": 0.6470588235294118,
          "support": 17.0
        },
        "accuracy": 0.625,
        "macro avg": {
          "precision": 0.6144957983193278,
          "recall": 0.6339869281045751,
          "f1-score": 0.622834681658211,
          "support": 40.0
        },
        "weighted avg": {
          "precision": 0.6263392857142858,
          "recall": 0.625,
          "f1-score": 0.6248834498834499,
          "support": 40.0
        }
      },
      "n_rows": 40
    },
    "test": {
      "accuracy": 0.55,
      "balanced_accuracy": 0.5751633986928105,
      "confusion_matrix": [
        [
          8,
          3,
          6
        ],
        [
          1,
          4,
          1
        ],
        [
          3,
          4,
          10
        ]
      ],
      "classification_report": {
        "heap_sort": {
          "precision": 0.6666666666666666,
          "recall": 0.47058823529411764,
          "f1-score": 0.5517241379310345,
          "support": 17.0
        },
        "merge_sort": {
          "precision": 0.36363636363636365,
          "recall": 0.6666666666666666,
          "f1-score": 0.47058823529411764,
          "support": 6.0
        },
        "shell_sort": {
          "precision": 0.5882352941176471,
          "recall": 0.5882352941176471,
          "f1-score": 0.5882352941176471,
          "support": 17.0
        },
        "accuracy": 0.55,
        "macro avg": {
          "precision": 0.5395127748068925,
          "recall": 0.5751633986928105,
          "f1-score": 0.5368492224475997,
          "support": 40.0
        },
        "weighted avg": {
          "precision": 0.5878787878787879,
          "recall": 0.55,
          "f1-score": 0.5550709939148073,
          "support": 40.0
        }
      },
      "n_rows": 40
    }
  },
  "feature_columns": [
    "n_elements",
    "length_norm",
    "adj_sorted_ratio",
    "duplicate_ratio",
    "dispersion_ratio",
    "runs_ratio",
    "inversion_ratio",
    "entropy_ratio",
    "skewness_t",
    "kurtosis_excess_t",
    "longest_run_ratio",
    "iqr_norm",
    "mad_norm",
    "top1_freq_ratio",
    "top5_freq_ratio",
    "outlier_ratio",
    "mean_abs_diff_norm"
  ],
  "xgb_params": {
    "n_estimators": 500,
    "max_depth": 7,
    "learning_rate": 0.05,
    "subsample": 0.8,
    "colsample_bytree": 0.8,
    "min_child_weight": 5,
    "reg_alpha": 0.1,
    "reg_lambda": 1.0,
    "random_state": 42,
    "n_jobs": -1,
    "tree_method": "hist",
    "objective": "multi:softprob",
    "eval_metric": "mlogloss",
    "num_class": 3
  },
  "channel_balance_max_ratio": 3.0,
  "min_winner_margin": 0.0,
  "dropped_rare_classes": [
    "introsort"
  ],
  "class_counts_before_drop": {
    "heap_sort": 1499,
    "shell_sort": 266,
    "merge_sort": 38,
    "introsort": 1
  },
  "class_counts_after_drop": {
    "shell_sort": 114,
    "heap_sort": 114,
    "merge_sort": 38
  },
  "model_path": "/Users/ahmed/Desktop/thesis/My-Master-thesis/models/xgboost_v5_f1_per_channel/DRS/xgb_model.json"
}