{
  "fold": 3,
  "train_size_raw": 240,
  "train_size_balanced": 240,
  "test_size": 60,
  "train_class_counts_raw": {
    "timsort": 80,
    "heapsort": 80,
    "introsort": 80
  },
  "train_class_counts_balanced": {
    "timsort": 80,
    "introsort": 80,
    "heapsort": 80
  },
  "test_class_counts": {
    "timsort": 20,
    "introsort": 20,
    "heapsort": 20
  },
  "accuracy": 0.6666666666666666,
  "balanced_accuracy": 0.6666666666666666,
  "macro_f1": 0.6687666687666688,
  "weighted_f1": 0.6687666687666687,
  "classification_report": {
    "introsort": {
      "precision": 0.5,
      "recall": 0.6,
      "f1-score": 0.5454545454545454,
      "support": 20.0
    },
    "heapsort": {
      "precision": 0.5294117647058824,
      "recall": 0.45,
      "f1-score": 0.4864864864864865,
      "support": 20.0
    },
    "timsort": {
      "precision": 1.0,
      "recall": 0.95,
      "f1-score": 0.9743589743589743,
      "support": 20.0
    },
    "accuracy": 0.6666666666666666,
    "macro avg": {
      "precision": 0.676470588235294,
      "recall": 0.6666666666666666,
      "f1-score": 0.6687666687666688,
      "support": 60.0
    },
    "weighted avg": {
      "precision": 0.676470588235294,
      "recall": 0.6666666666666666,
      "f1-score": 0.6687666687666687,
      "support": 60.0
    }
  },
  "confusion_matrix": [
    [
      12,
      8,
      0
    ],
    [
      11,
      9,
      0
    ],
    [
      1,
      0,
      19
    ]
  ],
  "regret": {
    "vbs_total_s": 8.4e-05,
    "sbs_total_s": 8.8e-05,
    "sbs_algorithm": "timsort",
    "model_total_s": 8.6e-05,
    "gap_closed_pct": 56.67,
    "zero_regret_pct": 70.0,
    "mean_regret_us": 0.028,
    "p95_regret_us": 0.21
  },
  "elapsed_s": 1.14
}