{
  "channel": "RPM",
  "status": "trained",
  "classes": [
    "heap_sort",
    "introsort",
    "merge_sort",
    "quick_sort",
    "shell_sort"
  ],
  "rows_total": 1558,
  "rows_raw": 1951,
  "rows_after_margin": 1951,
  "rows_after_drop": 1951,
  "rows_after_balance": 1558,
  "rows_train": 1090,
  "rows_val": 234,
  "rows_test": 234,
  "metrics": {
    "train": {
      "accuracy": 0.9944954128440368,
      "balanced_accuracy": 0.9953259060058907,
      "confusion_matrix": [
        [
          106,
          0,
          0,
          0,
          0
        ],
        [
          0,
          226,
          2,
          0,
          0
        ],
        [
          0,
          0,
          163,
          0,
          0
        ],
        [
          0,
          0,
          0,
          319,
          0
        ],
        [
          4,
          0,
          0,
          0,
          270
        ]
      ],
      "classification_report": {
        "heap_sort": {
          "precision": 0.9636363636363636,
          "recall": 1.0,
          "f1-score": 0.9814814814814815,
          "support": 106.0
        },
        "introsort": {
          "precision": 1.0,
          "recall": 0.9912280701754386,
          "f1-score": 0.9955947136563876,
          "support": 228.0
        },
        "merge_sort": {
          "precision": 0.9878787878787879,
          "recall": 1.0,
          "f1-score": 0.9939024390243902,
          "support": 163.0
        },
        "quick_sort": {
          "precision": 1.0,
          "recall": 1.0,
          "f1-score": 1.0,
          "support": 319.0
        },
        "shell_sort": {
          "precision": 1.0,
          "recall": 0.9854014598540146,
          "f1-score": 0.9926470588235294,
          "support": 274.0
        },
        "accuracy": 0.9944954128440368,
        "macro avg": {
          "precision": 0.9903030303030302,
          "recall": 0.9953259060058907,
          "f1-score": 0.9927251385971576,
          "support": 1090.0
        },
        "weighted avg": {
          "precision": 0.9946510981373365,
          "recall": 0.9944954128440368,
          "f1-score": 0.9945174526874458,
          "support": 1090.0
        }
      },
      "n_rows": 1090
    },
    "val": {
      "accuracy": 0.37606837606837606,
      "balanced_accuracy": 0.39325215126581214,
      "confusion_matrix": [
        [
          16,
          1,
          1,
          1,
          4
        ],
        [
          0,
          11,
          6,
          15,
          17
        ],
        [
          2,
          5,
          8,
          13,
          7
        ],
        [
          0,
          9,
          5,
          36,
          18
        ],
        [
          3,
          12,
          11,
          16,
          17
        ]
      ],
      "classification_report": {
        "heap_sort": {
          "precision": 0.7619047619047619,
          "recall": 0.6956521739130435,
          "f1-score": 0.7272727272727273,
          "support": 23.0
        },
        "introsort": {
          "precision": 0.2894736842105263,
          "recall": 0.22448979591836735,
          "f1-score": 0.25287356321839083,
          "support": 49.0
        },
        "merge_sort": {
          "precision": 0.25806451612903225,
          "recall": 0.22857142857142856,
          "f1-score": 0.24242424242424243,
          "support": 35.0
        },
        "quick_sort": {
          "precision": 0.4444444444444444,
          "recall": 0.5294117647058824,
          "f1-score": 0.48322147651006714,
          "support": 68.0
        },
        "shell_sort": {
          "precision": 0.2698412698412698,
          "recall": 0.288135593220339,
          "f1-score": 0.2786885245901639,
          "support": 59.0
        },
        "accuracy": 0.37606837606837606,
        "macro avg": {
          "precision": 0.404745735306007,
          "recall": 0.39325215126581214,
          "f1-score": 0.39689610680311826,
          "support": 234.0
        },
        "weighted avg": {
          "precision": 0.37129544981837,
          "recall": 0.37606837606837606,
          "f1-score": 0.3713872186466949,
          "support": 234.0
        }
      },
      "n_rows": 234
    },
    "test": {
      "accuracy": 0.32905982905982906,
      "balanced_accuracy": 0.35531173188915743,
      "confusion_matrix": [
        [
          17,
          0,
          2,
          0,
          4
        ],
        [
          1,
          8,
          4,
          20,
          16
        ],
        [
          10,
          2,
          7,
          11,
          5
        ],
        [
          0,
          15,
          4,
          37,
          13
        ],
        [
          3,
          14,
          9,
          24,
          8
        ]
      ],
      "classification_report": {
        "heap_sort": {
          "precision": 0.5483870967741935,
          "recall": 0.7391304347826086,
          "f1-score": 0.6296296296296297,
          "support": 23.0
        },
        "introsort": {
          "precision": 0.20512820512820512,
          "recall": 0.16326530612244897,
          "f1-score": 0.18181818181818182,
          "support": 49.0
        },
        "merge_sort": {
          "precision": 0.2692307692307692,
          "recall": 0.2,
          "f1-score": 0.22950819672131148,
          "support": 35.0
        },
        "quick_sort": {
          "precision": 0.40217391304347827,
          "recall": 0.5362318840579711,
          "f1-score": 0.45962732919254656,
          "support": 69.0
        },
        "shell_sort": {
          "precision": 0.17391304347826086,
          "recall": 0.13793103448275862,
          "f1-score": 0.15384615384615385,
          "support": 58.0
        },
        "accuracy": 0.32905982905982906,
        "macro avg": {
          "precision": 0.31976660553098135,
          "recall": 0.35531173188915743,
          "f1-score": 0.33088589824156467,
          "support": 234.0
        },
        "weighted avg": {
          "precision": 0.2988214475295066,
          "recall": 0.32905982905982906,
          "f1-score": 0.30795180304778175,
          "support": 234.0
        }
      },
      "n_rows": 234
    }
  },
  "feature_columns": [
    "n_elements",
    "length_norm",
    "adj_sorted_ratio",
    "duplicate_ratio",
    "dispersion_ratio",
    "runs_ratio",
    "inversion_ratio",
    "entropy_ratio",
    "skewness_t",
    "kurtosis_excess_t",
    "longest_run_ratio",
    "iqr_norm",
    "mad_norm",
    "top1_freq_ratio",
    "top5_freq_ratio",
    "outlier_ratio",
    "mean_abs_diff_norm"
  ],
  "xgb_params": {
    "n_estimators": 500,
    "max_depth": 7,
    "learning_rate": 0.05,
    "subsample": 0.8,
    "colsample_bytree": 0.8,
    "min_child_weight": 5,
    "reg_alpha": 0.1,
    "reg_lambda": 1.0,
    "random_state": 42,
    "n_jobs": -1,
    "tree_method": "hist",
    "objective": "multi:softprob",
    "eval_metric": "mlogloss",
    "num_class": 5
  },
  "channel_balance_max_ratio": 3.0,
  "min_winner_margin": 0.0,
  "dropped_rare_classes": [],
  "class_counts_before_drop": {
    "quick_sort": 849,
    "shell_sort": 391,
    "introsort": 326,
    "merge_sort": 233,
    "heap_sort": 152
  },
  "class_counts_after_drop": {
    "quick_sort": 456,
    "shell_sort": 391,
    "introsort": 326,
    "merge_sort": 233,
    "heap_sort": 152
  },
  "model_path": "/Users/ahmed/Desktop/thesis/My-Master-thesis/models/xgboost_v5_f1_per_channel/RPM/xgb_model.json"
}