{
  "fold": 1,
  "train_size_raw": 240,
  "train_size_balanced": 240,
  "test_size": 60,
  "train_class_counts_raw": {
    "timsort": 80,
    "heapsort": 80,
    "introsort": 80
  },
  "train_class_counts_balanced": {
    "introsort": 80,
    "timsort": 80,
    "heapsort": 80
  },
  "test_class_counts": {
    "heapsort": 20,
    "timsort": 20,
    "introsort": 20
  },
  "accuracy": 0.5,
  "balanced_accuracy": 0.5,
  "macro_f1": 0.491687552213868,
  "weighted_f1": 0.491687552213868,
  "classification_report": {
    "introsort": {
      "precision": 0.45,
      "recall": 0.45,
      "f1-score": 0.45,
      "support": 20.0
    },
    "heapsort": {
      "precision": 0.2777777777777778,
      "recall": 0.25,
      "f1-score": 0.2631578947368421,
      "support": 20.0
    },
    "timsort": {
      "precision": 0.7272727272727273,
      "recall": 0.8,
      "f1-score": 0.7619047619047619,
      "support": 20.0
    },
    "accuracy": 0.5,
    "macro avg": {
      "precision": 0.48501683501683507,
      "recall": 0.5,
      "f1-score": 0.491687552213868,
      "support": 60.0
    },
    "weighted avg": {
      "precision": 0.48501683501683507,
      "recall": 0.5,
      "f1-score": 0.491687552213868,
      "support": 60.0
    }
  },
  "confusion_matrix": [
    [
      9,
      11,
      0
    ],
    [
      9,
      5,
      6
    ],
    [
      2,
      2,
      16
    ]
  ],
  "regret": {
    "vbs_total_s": 0.000106,
    "sbs_total_s": 0.000112,
    "sbs_algorithm": "timsort",
    "model_total_s": 0.000109,
    "gap_closed_pct": 48.14,
    "zero_regret_pct": 60.0,
    "mean_regret_us": 0.048,
    "p95_regret_us": 0.294
  },
  "elapsed_s": 1.09
}