{
  "channel": "Y",
  "rows": 1256,
  "classes": [
    "heap_sort",
    "introsort",
    "merge_sort",
    "quick_sort",
    "shell_sort"
  ],
  "dropped_rare_classes": [],
  "best_trial_value_balanced_accuracy": 0.5036692339918145,
  "best_params": {
    "n_estimators": 863,
    "max_depth": 6,
    "learning_rate": 0.015728674194978587,
    "subsample": 0.7733551396716398,
    "colsample_bytree": 0.5924272277627636,
    "min_child_weight": 19.422107927526614,
    "reg_alpha": 0.0946663015372686,
    "reg_lambda": 2.8542399074977594,
    "gamma": 1.1309571585271492
  },
  "test_metrics": {
    "accuracy": 0.5132275132275133,
    "balanced_accuracy": 0.5296176046176047,
    "confusion_matrix": [
      [
        14,
        0,
        0,
        1,
        1
      ],
      [
        0,
        5,
        5,
        0,
        2
      ],
      [
        5,
        12,
        23,
        9,
        14
      ],
      [
        0,
        9,
        8,
        47,
        13
      ],
      [
        4,
        4,
        4,
        1,
        8
      ]
    ],
    "classification_report": {
      "heap_sort": {
        "precision": 0.6086956521739131,
        "recall": 0.875,
        "f1-score": 0.717948717948718,
        "support": 16.0
      },
      "introsort": {
        "precision": 0.16666666666666666,
        "recall": 0.4166666666666667,
        "f1-score": 0.23809523809523808,
        "support": 12.0
      },
      "merge_sort": {
        "precision": 0.575,
        "recall": 0.36507936507936506,
        "f1-score": 0.44660194174757284,
        "support": 63.0
      },
      "quick_sort": {
        "precision": 0.8103448275862069,
        "recall": 0.6103896103896104,
        "f1-score": 0.6962962962962963,
        "support": 77.0
      },
      "shell_sort": {
        "precision": 0.21052631578947367,
        "recall": 0.38095238095238093,
        "f1-score": 0.2711864406779661,
        "support": 21.0
      },
      "accuracy": 0.5132275132275133,
      "macro avg": {
        "precision": 0.474246692443252,
        "recall": 0.5296176046176047,
        "f1-score": 0.47402572695315826,
        "support": 189.0
      },
      "weighted avg": {
        "precision": 0.6073107660872988,
        "recall": 0.5132275132275133,
        "f1-score": 0.5385712949390028,
        "support": 189.0
      }
    }
  },
  "model_path": "/Users/ahmed/Desktop/thesis/My-Master-thesis/models/f1_9_channel_models_optuna/Y/xgb_model.json",
  "classes_path": "/Users/ahmed/Desktop/thesis/My-Master-thesis/models/f1_9_channel_models_optuna/Y/classes.json"
}