{
  "channel": "nGear",
  "rows_raw": 534,
  "rows_used": 526,
  "kept_classes": [
    "heap_sort",
    "merge_sort",
    "shell_sort"
  ],
  "dropped_classes": [
    "introsort",
    "quick_sort"
  ],
  "class_counts_before_drop": {
    "merge_sort": 259,
    "heap_sort": 186,
    "shell_sort": 81,
    "introsort": 7,
    "quick_sort": 1
  },
  "metrics": {
    "test_accuracy": 0.6962025316455697,
    "test_balanced_accuracy": 0.5824175824175825,
    "confusion_matrix": [
      [
        22,
        3,
        3
      ],
      [
        5,
        31,
        3
      ],
      [
        4,
        6,
        2
      ]
    ],
    "classification_report": {
      "heap_sort": {
        "precision": 0.7096774193548387,
        "recall": 0.7857142857142857,
        "f1-score": 0.7457627118644068,
        "support": 28.0
      },
      "merge_sort": {
        "precision": 0.775,
        "recall": 0.7948717948717948,
        "f1-score": 0.7848101265822784,
        "support": 39.0
      },
      "shell_sort": {
        "precision": 0.25,
        "recall": 0.16666666666666666,
        "f1-score": 0.2,
        "support": 12.0
      },
      "accuracy": 0.6962025316455697,
      "macro avg": {
        "precision": 0.5782258064516129,
        "recall": 0.5824175824175825,
        "f1-score": 0.5768576128155617,
        "support": 79.0
      },
      "weighted avg": {
        "precision": 0.6721008574928542,
        "recall": 0.6962025316455697,
        "f1-score": 0.682138618593826,
        "support": 79.0
      }
    }
  },
  "model_path": "/Users/ahmed/Desktop/thesis/My-Master-thesis/models/f1_9_channel_models_dynamic_v2/nGear/xgb_model.json",
  "classes_path": "/Users/ahmed/Desktop/thesis/My-Master-thesis/models/f1_9_channel_models_dynamic_v2/nGear/classes.json"
}