{
  "channel": "Z",
  "status": "trained",
  "classes": [
    "heap_sort",
    "introsort",
    "merge_sort",
    "quick_sort",
    "shell_sort"
  ],
  "rows_total": 856,
  "rows_raw": 1009,
  "rows_after_margin": 1009,
  "rows_after_drop": 1009,
  "rows_after_balance": 856,
  "rows_train": 599,
  "rows_val": 128,
  "rows_test": 129,
  "metrics": {
    "train": {
      "accuracy": 0.996661101836394,
      "balanced_accuracy": 0.9976744186046511,
      "confusion_matrix": [
        [
          116,
          0,
          0,
          0,
          0
        ],
        [
          0,
          57,
          0,
          0,
          0
        ],
        [
          1,
          0,
          170,
          1,
          0
        ],
        [
          0,
          0,
          0,
          150,
          0
        ],
        [
          0,
          0,
          0,
          0,
          104
        ]
      ],
      "classification_report": {
        "heap_sort": {
          "precision": 0.9914529914529915,
          "recall": 1.0,
          "f1-score": 0.9957081545064378,
          "support": 116.0
        },
        "introsort": {
          "precision": 1.0,
          "recall": 1.0,
          "f1-score": 1.0,
          "support": 57.0
        },
        "merge_sort": {
          "precision": 1.0,
          "recall": 0.9883720930232558,
          "f1-score": 0.9941520467836257,
          "support": 172.0
        },
        "quick_sort": {
          "precision": 0.9933774834437086,
          "recall": 1.0,
          "f1-score": 0.9966777408637874,
          "support": 150.0
        },
        "shell_sort": {
          "precision": 1.0,
          "recall": 1.0,
          "f1-score": 1.0,
          "support": 104.0
        },
        "accuracy": 0.996661101836394,
        "macro avg": {
          "precision": 0.9969660949793401,
          "recall": 0.9976744186046511,
          "f1-score": 0.99730758843077,
          "support": 599.0
        },
        "weighted avg": {
          "precision": 0.996686426586149,
          "recall": 0.996661101836394,
          "f1-score": 0.9966576946562579,
          "support": 599.0
        }
      },
      "n_rows": 599
    },
    "val": {
      "accuracy": 0.5234375,
      "balanced_accuracy": 0.46734509859509854,
      "confusion_matrix": [
        [
          22,
          0,
          0,
          0,
          2
        ],
        [
          0,
          1,
          2,
          6,
          4
        ],
        [
          4,
          1,
          21,
          6,
          5
        ],
        [
          0,
          1,
          8,
          19,
          4
        ],
        [
          2,
          3,
          7,
          6,
          4
        ]
      ],
      "classification_report": {
        "heap_sort": {
          "precision": 0.7857142857142857,
          "recall": 0.9166666666666666,
          "f1-score": 0.8461538461538461,
          "support": 24.0
        },
        "introsort": {
          "precision": 0.16666666666666666,
          "recall": 0.07692307692307693,
          "f1-score": 0.10526315789473684,
          "support": 13.0
        },
        "merge_sort": {
          "precision": 0.5526315789473685,
          "recall": 0.5675675675675675,
          "f1-score": 0.56,
          "support": 37.0
        },
        "quick_sort": {
          "precision": 0.5135135135135135,
          "recall": 0.59375,
          "f1-score": 0.5507246376811594,
          "support": 32.0
        },
        "shell_sort": {
          "precision": 0.21052631578947367,
          "recall": 0.18181818181818182,
          "f1-score": 0.1951219512195122,
          "support": 22.0
        },
        "accuracy": 0.5234375,
        "macro avg": {
          "precision": 0.4458104721262616,
          "recall": 0.46734509859509854,
          "f1-score": 0.45145271858985103,
          "support": 128.0
        },
        "weighted avg": {
          "precision": 0.48855616659892986,
          "recall": 0.5234375,
          "f1-score": 0.5024373804136739,
          "support": 128.0
        }
      },
      "n_rows": 128
    },
    "test": {
      "accuracy": 0.5581395348837209,
      "balanced_accuracy": 0.5241733254994123,
      "confusion_matrix": [
        [
          23,
          0,
          0,
          1,
          1
        ],
        [
          1,
          3,
          2,
          5,
          1
        ],
        [
          1,
          4,
          20,
          6,
          6
        ],
        [
          0,
          2,
          7,
          18,
          5
        ],
        [
          4,
          3,
          1,
          7,
          8
        ]
      ],
      "classification_report": {
        "heap_sort": {
          "precision": 0.7931034482758621,
          "recall": 0.92,
          "f1-score": 0.8518518518518519,
          "support": 25.0
        },
        "introsort": {
          "precision": 0.25,
          "recall": 0.25,
          "f1-score": 0.25,
          "support": 12.0
        },
        "merge_sort": {
          "precision": 0.6666666666666666,
          "recall": 0.5405405405405406,
          "f1-score": 0.5970149253731343,
          "support": 37.0
        },
        "quick_sort": {
          "precision": 0.4864864864864865,
          "recall": 0.5625,
          "f1-score": 0.5217391304347826,
          "support": 32.0
        },
        "shell_sort": {
          "precision": 0.38095238095238093,
          "recall": 0.34782608695652173,
          "f1-score": 0.36363636363636365,
          "support": 23.0
        },
        "accuracy": 0.5581395348837209,
        "macro avg": {
          "precision": 0.5154417964762792,
          "recall": 0.5241733254994123,
          "f1-score": 0.5168484542592264,
          "support": 129.0
        },
        "weighted avg": {
          "precision": 0.5567730635894228,
          "recall": 0.5581395348837209,
          "f1-score": 0.5538382718810207,
          "support": 129.0
        }
      },
      "n_rows": 129
    }
  },
  "feature_columns": [
    "n_elements",
    "length_norm",
    "adj_sorted_ratio",
    "duplicate_ratio",
    "dispersion_ratio",
    "runs_ratio",
    "inversion_ratio",
    "entropy_ratio",
    "skewness_t",
    "kurtosis_excess_t",
    "longest_run_ratio",
    "iqr_norm",
    "mad_norm",
    "top1_freq_ratio",
    "top5_freq_ratio",
    "outlier_ratio",
    "mean_abs_diff_norm"
  ],
  "xgb_params": {
    "n_estimators": 500,
    "max_depth": 7,
    "learning_rate": 0.05,
    "subsample": 0.8,
    "colsample_bytree": 0.8,
    "min_child_weight": 5,
    "reg_alpha": 0.1,
    "reg_lambda": 1.0,
    "random_state": 42,
    "n_jobs": -1,
    "tree_method": "hist",
    "objective": "multi:softprob",
    "eval_metric": "mlogloss",
    "num_class": 5
  },
  "channel_balance_max_ratio": 3.0,
  "min_winner_margin": 0.0,
  "dropped_rare_classes": [],
  "class_counts_before_drop": {
    "merge_sort": 399,
    "quick_sort": 214,
    "heap_sort": 165,
    "shell_sort": 149,
    "introsort": 82
  },
  "class_counts_after_drop": {
    "merge_sort": 246,
    "quick_sort": 214,
    "heap_sort": 165,
    "shell_sort": 149,
    "introsort": 82
  },
  "model_path": "/Users/ahmed/Desktop/thesis/My-Master-thesis/models/xgboost_v5_f1_per_channel/Z/xgb_model.json"
}