{
  "channel": "Z",
  "status": "trained",
  "classes": [
    "heap_sort",
    "introsort",
    "merge_sort",
    "quick_sort",
    "shell_sort"
  ],
  "rows_total": 8094,
  "rows_train": 5665,
  "rows_val": 1214,
  "rows_test": 1215,
  "metrics": {
    "train": {
      "accuracy": 0.9131509267431598,
      "balanced_accuracy": 0.928298017771702,
      "confusion_matrix": [
        [
          1030,
          6,
          4,
          2,
          3
        ],
        [
          12,
          1248,
          60,
          23,
          43
        ],
        [
          31,
          69,
          1209,
          21,
          56
        ],
        [
          0,
          0,
          0,
          462,
          0
        ],
        [
          18,
          81,
          45,
          18,
          1224
        ]
      ],
      "classification_report": {
        "heap_sort": {
          "precision": 0.9440879926672777,
          "recall": 0.9856459330143541,
          "f1-score": 0.9644194756554307,
          "support": 1045.0
        },
        "introsort": {
          "precision": 0.8888888888888888,
          "recall": 0.9004329004329005,
          "f1-score": 0.8946236559139785,
          "support": 1386.0
        },
        "merge_sort": {
          "precision": 0.917298937784522,
          "recall": 0.8722943722943723,
          "f1-score": 0.8942307692307693,
          "support": 1386.0
        },
        "quick_sort": {
          "precision": 0.8783269961977186,
          "recall": 1.0,
          "f1-score": 0.9352226720647774,
          "support": 462.0
        },
        "shell_sort": {
          "precision": 0.9230769230769231,
          "recall": 0.8831168831168831,
          "f1-score": 0.9026548672566371,
          "support": 1386.0
        },
        "accuracy": 0.9131509267431598,
        "macro avg": {
          "precision": 0.9103359477230661,
          "recall": 0.928298017771702,
          "f1-score": 0.9182302880243187,
          "support": 5665.0
        },
        "weighted avg": {
          "precision": 0.9135251487616265,
          "recall": 0.9131509267431598,
          "f1-score": 0.9126783946729341,
          "support": 5665.0
        }
      },
      "n_rows": 5665
    },
    "val": {
      "accuracy": 0.46046128500823724,
      "balanced_accuracy": 0.4468193843193843,
      "confusion_matrix": [
        [
          198,
          5,
          17,
          1,
          3
        ],
        [
          9,
          129,
          66,
          36,
          57
        ],
        [
          14,
          55,
          113,
          41,
          74
        ],
        [
          0,
          33,
          18,
          20,
          28
        ],
        [
          13,
          67,
          71,
          47,
          99
        ]
      ],
      "classification_report": {
        "heap_sort": {
          "precision": 0.8461538461538461,
          "recall": 0.8839285714285714,
          "f1-score": 0.8646288209606987,
          "support": 224.0
        },
        "introsort": {
          "precision": 0.4463667820069204,
          "recall": 0.43434343434343436,
          "f1-score": 0.4402730375426621,
          "support": 297.0
        },
        "merge_sort": {
          "precision": 0.39649122807017545,
          "recall": 0.38047138047138046,
          "f1-score": 0.38831615120274915,
          "support": 297.0
        },
        "quick_sort": {
          "precision": 0.13793103448275862,
          "recall": 0.20202020202020202,
          "f1-score": 0.16393442622950818,
          "support": 99.0
        },
        "shell_sort": {
          "precision": 0.3793103448275862,
          "recall": 0.3333333333333333,
          "f1-score": 0.3548387096774194,
          "support": 297.0
        },
        "accuracy": 0.46046128500823724,
        "macro avg": {
          "precision": 0.44125064710825734,
          "recall": 0.4468193843193843,
          "f1-score": 0.4423982291226075,
          "support": 1214.0
        },
        "weighted avg": {
          "precision": 0.46637366998265667,
          "recall": 0.46046128500823724,
          "f1-score": 0.4624254117985985,
          "support": 1214.0
        }
      },
      "n_rows": 1214
    },
    "test": {
      "accuracy": 0.4757201646090535,
      "balanced_accuracy": 0.4672323232323232,
      "confusion_matrix": [
        [
          187,
          10,
          23,
          1,
          4
        ],
        [
          2,
          141,
          70,
          29,
          55
        ],
        [
          22,
          56,
          116,
          31,
          72
        ],
        [
          0,
          41,
          10,
          28,
          20
        ],
        [
          15,
          64,
          69,
          43,
          106
        ]
      ],
      "classification_report": {
        "heap_sort": {
          "precision": 0.827433628318584,
          "recall": 0.8311111111111111,
          "f1-score": 0.8292682926829268,
          "support": 225.0
        },
        "introsort": {
          "precision": 0.4519230769230769,
          "recall": 0.47474747474747475,
          "f1-score": 0.4630541871921182,
          "support": 297.0
        },
        "merge_sort": {
          "precision": 0.4027777777777778,
          "recall": 0.39057239057239057,
          "f1-score": 0.39658119658119656,
          "support": 297.0
        },
        "quick_sort": {
          "precision": 0.21212121212121213,
          "recall": 0.2828282828282828,
          "f1-score": 0.24242424242424243,
          "support": 99.0
        },
        "shell_sort": {
          "precision": 0.41245136186770426,
          "recall": 0.3569023569023569,
          "f1-score": 0.38267148014440433,
          "support": 297.0
        },
        "accuracy": 0.4757201646090535,
        "macro avg": {
          "precision": 0.46134141140167106,
          "recall": 0.4672323232323232,
          "f1-score": 0.4627998798049776,
          "support": 1215.0
        },
        "weighted avg": {
          "precision": 0.4802607199115584,
          "recall": 0.4757201646090535,
          "f1-score": 0.4769962999483301,
          "support": 1215.0
        }
      },
      "n_rows": 1215
    }
  },
  "feature_columns": [
    "n_elements",
    "length_norm",
    "adj_sorted_ratio",
    "duplicate_ratio",
    "dispersion_ratio",
    "runs_ratio",
    "inversion_ratio",
    "entropy_ratio",
    "skewness_t",
    "kurtosis_excess_t",
    "longest_run_ratio",
    "iqr_norm",
    "mad_norm",
    "top1_freq_ratio",
    "top5_freq_ratio",
    "outlier_ratio",
    "mean_abs_diff_norm"
  ],
  "xgb_params": {
    "n_estimators": 500,
    "max_depth": 7,
    "learning_rate": 0.05,
    "subsample": 0.8,
    "colsample_bytree": 0.8,
    "min_child_weight": 5,
    "reg_alpha": 0.1,
    "reg_lambda": 1.0,
    "random_state": 42,
    "n_jobs": -1,
    "tree_method": "hist",
    "objective": "multi:softprob",
    "eval_metric": "mlogloss",
    "num_class": 5
  },
  "channel_balance_max_ratio": 3.0,
  "dropped_rare_classes": [],
  "class_counts_before_drop": {
    "shell_sort": 40282,
    "merge_sort": 3726,
    "introsort": 2294,
    "heap_sort": 1494,
    "quick_sort": 660
  },
  "class_counts_after_drop": {
    "merge_sort": 1980,
    "introsort": 1980,
    "shell_sort": 1980,
    "heap_sort": 1494,
    "quick_sort": 660
  },
  "model_path": "/Users/ahmed/Desktop/thesis/My-Master-thesis/models/xgboost_v5_f1_per_channel/Z/xgb_model.json"
}