{
  "channel": "Distance",
  "rows": 2014,
  "classes": [
    "heap_sort",
    "introsort",
    "merge_sort",
    "quick_sort",
    "shell_sort"
  ],
  "dropped_rare_classes": [],
  "best_trial_value_balanced_accuracy": 0.5435930289861566,
  "best_params": {
    "n_estimators": 204,
    "max_depth": 7,
    "learning_rate": 0.002546077533783422,
    "subsample": 0.9956385980717997,
    "colsample_bytree": 0.7024427479450996,
    "min_child_weight": 17.751922160792656,
    "reg_alpha": 0.00030468089368308873,
    "reg_lambda": 0.00012104443336685521,
    "gamma": 0.0006736015465026493
  },
  "test_metrics": {
    "accuracy": 0.5412541254125413,
    "balanced_accuracy": 0.49321860757504316,
    "confusion_matrix": [
      [
        8,
        0,
        6,
        0,
        0
      ],
      [
        0,
        119,
        1,
        35,
        47
      ],
      [
        2,
        0,
        4,
        2,
        1
      ],
      [
        0,
        7,
        0,
        8,
        3
      ],
      [
        1,
        23,
        1,
        10,
        25
      ]
    ],
    "classification_report": {
      "heap_sort": {
        "precision": 0.7272727272727273,
        "recall": 0.5714285714285714,
        "f1-score": 0.64,
        "support": 14.0
      },
      "introsort": {
        "precision": 0.7986577181208053,
        "recall": 0.5891089108910891,
        "f1-score": 0.6780626780626781,
        "support": 202.0
      },
      "merge_sort": {
        "precision": 0.3333333333333333,
        "recall": 0.4444444444444444,
        "f1-score": 0.38095238095238093,
        "support": 9.0
      },
      "quick_sort": {
        "precision": 0.14545454545454545,
        "recall": 0.4444444444444444,
        "f1-score": 0.2191780821917808,
        "support": 18.0
      },
      "shell_sort": {
        "precision": 0.32894736842105265,
        "recall": 0.4166666666666667,
        "f1-score": 0.36764705882352944,
        "support": 60.0
      },
      "accuracy": 0.5412541254125413,
      "macro avg": {
        "precision": 0.46673313852049275,
        "recall": 0.49321860757504316,
        "f1-score": 0.4571680400060739,
        "support": 303.0
      },
      "weighted avg": {
        "precision": 0.6497217860252997,
        "recall": 0.5412541254125413,
        "f1-score": 0.5787500376438819,
        "support": 303.0
      }
    }
  },
  "model_path": "/Users/ahmed/Desktop/thesis/My-Master-thesis/models/f1_9_channel_models_optuna/Distance/xgb_model.json",
  "classes_path": "/Users/ahmed/Desktop/thesis/My-Master-thesis/models/f1_9_channel_models_optuna/Distance/classes.json"
}