{
  "channel": "nGear",
  "status": "trained",
  "classes": [
    "heap_sort",
    "introsort",
    "merge_sort",
    "shell_sort"
  ],
  "rows_total": 70,
  "rows_raw": 534,
  "rows_after_margin": 534,
  "rows_after_drop": 533,
  "rows_after_balance": 70,
  "rows_train": 49,
  "rows_val": 10,
  "rows_test": 11,
  "metrics": {
    "train": {
      "accuracy": 0.8163265306122449,
      "balanced_accuracy": 0.8452380952380953,
      "confusion_matrix": [
        [
          13,
          1,
          0,
          1
        ],
        [
          0,
          5,
          0,
          0
        ],
        [
          0,
          0,
          12,
          3
        ],
        [
          4,
          0,
          0,
          10
        ]
      ],
      "classification_report": {
        "heap_sort": {
          "precision": 0.7647058823529411,
          "recall": 0.8666666666666667,
          "f1-score": 0.8125,
          "support": 15.0
        },
        "introsort": {
          "precision": 0.8333333333333334,
          "recall": 1.0,
          "f1-score": 0.9090909090909091,
          "support": 5.0
        },
        "merge_sort": {
          "precision": 1.0,
          "recall": 0.8,
          "f1-score": 0.8888888888888888,
          "support": 15.0
        },
        "shell_sort": {
          "precision": 0.7142857142857143,
          "recall": 0.7142857142857143,
          "f1-score": 0.7142857142857143,
          "support": 14.0
        },
        "accuracy": 0.8163265306122449,
        "macro avg": {
          "precision": 0.8280812324929973,
          "recall": 0.8452380952380953,
          "f1-score": 0.8311913780663781,
          "support": 49.0
        },
        "weighted avg": {
          "precision": 0.8293317326930773,
          "recall": 0.8163265306122449,
          "f1-score": 0.8176793444650586,
          "support": 49.0
        }
      },
      "n_rows": 49
    },
    "val": {
      "accuracy": 0.1,
      "balanced_accuracy": 0.08333333333333333,
      "confusion_matrix": [
        [
          1,
          1,
          0,
          1
        ],
        [
          0,
          0,
          1,
          0
        ],
        [
          0,
          1,
          0,
          2
        ],
        [
          2,
          0,
          1,
          0
        ]
      ],
      "classification_report": {
        "heap_sort": {
          "precision": 0.3333333333333333,
          "recall": 0.3333333333333333,
          "f1-score": 0.3333333333333333,
          "support": 3.0
        },
        "introsort": {
          "precision": 0.0,
          "recall": 0.0,
          "f1-score": 0.0,
          "support": 1.0
        },
        "merge_sort": {
          "precision": 0.0,
          "recall": 0.0,
          "f1-score": 0.0,
          "support": 3.0
        },
        "shell_sort": {
          "precision": 0.0,
          "recall": 0.0,
          "f1-score": 0.0,
          "support": 3.0
        },
        "accuracy": 0.1,
        "macro avg": {
          "precision": 0.08333333333333333,
          "recall": 0.08333333333333333,
          "f1-score": 0.08333333333333333,
          "support": 10.0
        },
        "weighted avg": {
          "precision": 0.1,
          "recall": 0.1,
          "f1-score": 0.1,
          "support": 10.0
        }
      },
      "n_rows": 10
    },
    "test": {
      "accuracy": 0.5454545454545454,
      "balanced_accuracy": 0.6666666666666666,
      "confusion_matrix": [
        [
          3,
          0,
          0,
          0
        ],
        [
          0,
          1,
          0,
          0
        ],
        [
          1,
          0,
          2,
          0
        ],
        [
          0,
          1,
          3,
          0
        ]
      ],
      "classification_report": {
        "heap_sort": {
          "precision": 0.75,
          "recall": 1.0,
          "f1-score": 0.8571428571428571,
          "support": 3.0
        },
        "introsort": {
          "precision": 0.5,
          "recall": 1.0,
          "f1-score": 0.6666666666666666,
          "support": 1.0
        },
        "merge_sort": {
          "precision": 0.4,
          "recall": 0.6666666666666666,
          "f1-score": 0.5,
          "support": 3.0
        },
        "shell_sort": {
          "precision": 0.0,
          "recall": 0.0,
          "f1-score": 0.0,
          "support": 4.0
        },
        "accuracy": 0.5454545454545454,
        "macro avg": {
          "precision": 0.4125,
          "recall": 0.6666666666666666,
          "f1-score": 0.5059523809523809,
          "support": 11.0
        },
        "weighted avg": {
          "precision": 0.3590909090909091,
          "recall": 0.5454545454545454,
          "f1-score": 0.43073593073593064,
          "support": 11.0
        }
      },
      "n_rows": 11
    }
  },
  "feature_columns": [
    "n_elements",
    "length_norm",
    "adj_sorted_ratio",
    "duplicate_ratio",
    "dispersion_ratio",
    "runs_ratio",
    "inversion_ratio",
    "entropy_ratio",
    "skewness_t",
    "kurtosis_excess_t",
    "longest_run_ratio",
    "iqr_norm",
    "mad_norm",
    "top1_freq_ratio",
    "top5_freq_ratio",
    "outlier_ratio",
    "mean_abs_diff_norm"
  ],
  "xgb_params": {
    "n_estimators": 500,
    "max_depth": 7,
    "learning_rate": 0.05,
    "subsample": 0.8,
    "colsample_bytree": 0.8,
    "min_child_weight": 5,
    "reg_alpha": 0.1,
    "reg_lambda": 1.0,
    "random_state": 42,
    "n_jobs": -1,
    "tree_method": "hist",
    "objective": "multi:softprob",
    "eval_metric": "mlogloss",
    "num_class": 4
  },
  "channel_balance_max_ratio": 3.0,
  "min_winner_margin": 0.0,
  "dropped_rare_classes": [
    "quick_sort"
  ],
  "class_counts_before_drop": {
    "merge_sort": 259,
    "heap_sort": 186,
    "shell_sort": 81,
    "introsort": 7,
    "quick_sort": 1
  },
  "class_counts_after_drop": {
    "heap_sort": 21,
    "shell_sort": 21,
    "merge_sort": 21,
    "introsort": 7
  },
  "model_path": "/Users/ahmed/Desktop/thesis/My-Master-thesis/models/xgboost_v5_f1_per_channel/nGear/xgb_model.json"
}