{
  "channel": "X",
  "status": "trained",
  "classes": [
    "heap_sort",
    "introsort",
    "merge_sort",
    "quick_sort",
    "shell_sort"
  ],
  "rows_total": 864,
  "rows_raw": 1295,
  "rows_after_margin": 1295,
  "rows_after_drop": 1295,
  "rows_after_balance": 864,
  "rows_train": 604,
  "rows_val": 130,
  "rows_test": 130,
  "metrics": {
    "train": {
      "accuracy": 0.9950331125827815,
      "balanced_accuracy": 0.9960536279007617,
      "confusion_matrix": [
        [
          94,
          0,
          0,
          0,
          0
        ],
        [
          0,
          53,
          0,
          0,
          0
        ],
        [
          1,
          1,
          155,
          0,
          0
        ],
        [
          0,
          0,
          0,
          157,
          0
        ],
        [
          1,
          0,
          0,
          0,
          142
        ]
      ],
      "classification_report": {
        "heap_sort": {
          "precision": 0.9791666666666666,
          "recall": 1.0,
          "f1-score": 0.9894736842105263,
          "support": 94.0
        },
        "introsort": {
          "precision": 0.9814814814814815,
          "recall": 1.0,
          "f1-score": 0.9906542056074766,
          "support": 53.0
        },
        "merge_sort": {
          "precision": 1.0,
          "recall": 0.9872611464968153,
          "f1-score": 0.9935897435897436,
          "support": 157.0
        },
        "quick_sort": {
          "precision": 1.0,
          "recall": 1.0,
          "f1-score": 1.0,
          "support": 157.0
        },
        "shell_sort": {
          "precision": 1.0,
          "recall": 0.993006993006993,
          "f1-score": 0.9964912280701754,
          "support": 143.0
        },
        "accuracy": 0.9950331125827815,
        "macro avg": {
          "precision": 0.9921296296296296,
          "recall": 0.9960536279007617,
          "f1-score": 0.9940417722955843,
          "support": 604.0
        },
        "weighted avg": {
          "precision": 0.9951327569291146,
          "recall": 0.9950331125827815,
          "f1-score": 0.9950447592228652,
          "support": 604.0
        }
      },
      "n_rows": 604
    },
    "val": {
      "accuracy": 0.5461538461538461,
      "balanced_accuracy": 0.5330308780403656,
      "confusion_matrix": [
        [
          14,
          0,
          4,
          1,
          1
        ],
        [
          0,
          4,
          4,
          0,
          3
        ],
        [
          1,
          1,
          15,
          8,
          9
        ],
        [
          0,
          1,
          5,
          23,
          5
        ],
        [
          0,
          4,
          6,
          6,
          15
        ]
      ],
      "classification_report": {
        "heap_sort": {
          "precision": 0.9333333333333333,
          "recall": 0.7,
          "f1-score": 0.8,
          "support": 20.0
        },
        "introsort": {
          "precision": 0.4,
          "recall": 0.36363636363636365,
          "f1-score": 0.38095238095238093,
          "support": 11.0
        },
        "merge_sort": {
          "precision": 0.4411764705882353,
          "recall": 0.4411764705882353,
          "f1-score": 0.4411764705882353,
          "support": 34.0
        },
        "quick_sort": {
          "precision": 0.6052631578947368,
          "recall": 0.6764705882352942,
          "f1-score": 0.6388888888888888,
          "support": 34.0
        },
        "shell_sort": {
          "precision": 0.45454545454545453,
          "recall": 0.4838709677419355,
          "f1-score": 0.46875,
          "support": 31.0
        },
        "accuracy": 0.5461538461538461,
        "macro avg": {
          "precision": 0.566863683272352,
          "recall": 0.5330308780403656,
          "f1-score": 0.545953548085901,
          "support": 130.0
        },
        "weighted avg": {
          "precision": 0.5595117163538216,
          "recall": 0.5461538461538461,
          "f1-score": 0.5495688339438338,
          "support": 130.0
        }
      },
      "n_rows": 130
    },
    "test": {
      "accuracy": 0.43846153846153846,
      "balanced_accuracy": 0.4621135727018079,
      "confusion_matrix": [
        [
          16,
          1,
          1,
          2,
          1
        ],
        [
          0,
          5,
          3,
          2,
          1
        ],
        [
          2,
          4,
          9,
          14,
          5
        ],
        [
          0,
          0,
          11,
          18,
          5
        ],
        [
          5,
          7,
          5,
          4,
          9
        ]
      ],
      "classification_report": {
        "heap_sort": {
          "precision": 0.6956521739130435,
          "recall": 0.7619047619047619,
          "f1-score": 0.7272727272727273,
          "support": 21.0
        },
        "introsort": {
          "precision": 0.29411764705882354,
          "recall": 0.45454545454545453,
          "f1-score": 0.35714285714285715,
          "support": 11.0
        },
        "merge_sort": {
          "precision": 0.3103448275862069,
          "recall": 0.2647058823529412,
          "f1-score": 0.2857142857142857,
          "support": 34.0
        },
        "quick_sort": {
          "precision": 0.45,
          "recall": 0.5294117647058824,
          "f1-score": 0.4864864864864865,
          "support": 34.0
        },
        "shell_sort": {
          "precision": 0.42857142857142855,
          "recall": 0.3,
          "f1-score": 0.35294117647058826,
          "support": 30.0
        },
        "accuracy": 0.43846153846153846,
        "macro avg": {
          "precision": 0.43573721542590044,
          "recall": 0.4621135727018079,
          "f1-score": 0.441911506617389,
          "support": 130.0
        },
        "weighted avg": {
          "precision": 0.43502197511457585,
          "recall": 0.43846153846153846,
          "f1-score": 0.43111046346340465,
          "support": 130.0
        }
      },
      "n_rows": 130
    }
  },
  "feature_columns": [
    "n_elements",
    "length_norm",
    "adj_sorted_ratio",
    "duplicate_ratio",
    "dispersion_ratio",
    "runs_ratio",
    "inversion_ratio",
    "entropy_ratio",
    "skewness_t",
    "kurtosis_excess_t",
    "longest_run_ratio",
    "iqr_norm",
    "mad_norm",
    "top1_freq_ratio",
    "top5_freq_ratio",
    "outlier_ratio",
    "mean_abs_diff_norm"
  ],
  "xgb_params": {
    "n_estimators": 500,
    "max_depth": 7,
    "learning_rate": 0.05,
    "subsample": 0.8,
    "colsample_bytree": 0.8,
    "min_child_weight": 5,
    "reg_alpha": 0.1,
    "reg_lambda": 1.0,
    "random_state": 42,
    "n_jobs": -1,
    "tree_method": "hist",
    "objective": "multi:softprob",
    "eval_metric": "mlogloss",
    "num_class": 5
  },
  "channel_balance_max_ratio": 3.0,
  "min_winner_margin": 0.0,
  "dropped_rare_classes": [],
  "class_counts_before_drop": {
    "quick_sort": 558,
    "merge_sort": 323,
    "shell_sort": 204,
    "heap_sort": 135,
    "introsort": 75
  },
  "class_counts_after_drop": {
    "quick_sort": 225,
    "merge_sort": 225,
    "shell_sort": 204,
    "heap_sort": 135,
    "introsort": 75
  },
  "model_path": "/Users/ahmed/Desktop/thesis/My-Master-thesis/models/xgboost_v5_f1_per_channel/X/xgb_model.json"
}