{
  "channel": "Speed",
  "rows": 2607,
  "classes": [
    "heap_sort",
    "introsort",
    "merge_sort",
    "quick_sort",
    "shell_sort"
  ],
  "dropped_rare_classes": [],
  "best_trial_value_balanced_accuracy": 0.5267603397634357,
  "best_params": {
    "n_estimators": 413,
    "max_depth": 4,
    "learning_rate": 0.00838333490668469,
    "subsample": 0.8573402338658627,
    "colsample_bytree": 0.8227884534127844,
    "min_child_weight": 16.22711082489798,
    "reg_alpha": 3.199160813819233e-06,
    "reg_lambda": 1.5369884689936084e-05,
    "gamma": 0.027073182002409765
  },
  "test_metrics": {
    "accuracy": 0.4260204081632653,
    "balanced_accuracy": 0.5062802309252613,
    "confusion_matrix": [
      [
        23,
        0,
        2,
        1,
        0
      ],
      [
        0,
        40,
        11,
        21,
        32
      ],
      [
        6,
        14,
        30,
        13,
        5
      ],
      [
        0,
        12,
        10,
        28,
        8
      ],
      [
        5,
        39,
        29,
        17,
        46
      ]
    ],
    "classification_report": {
      "heap_sort": {
        "precision": 0.6764705882352942,
        "recall": 0.8846153846153846,
        "f1-score": 0.7666666666666667,
        "support": 26.0
      },
      "introsort": {
        "precision": 0.38095238095238093,
        "recall": 0.38461538461538464,
        "f1-score": 0.3827751196172249,
        "support": 104.0
      },
      "merge_sort": {
        "precision": 0.36585365853658536,
        "recall": 0.4411764705882353,
        "f1-score": 0.4,
        "support": 68.0
      },
      "quick_sort": {
        "precision": 0.35,
        "recall": 0.4827586206896552,
        "f1-score": 0.4057971014492754,
        "support": 58.0
      },
      "shell_sort": {
        "precision": 0.5054945054945055,
        "recall": 0.3382352941176471,
        "f1-score": 0.4052863436123348,
        "support": 136.0
      },
      "accuracy": 0.4260204081632653,
      "macro avg": {
        "precision": 0.4557542266437532,
        "recall": 0.5062802309252613,
        "f1-score": 0.4721050462691004,
        "support": 392.0
      },
      "weighted avg": {
        "precision": 0.43656271541047403,
        "recall": 0.4260204081632653,
        "f1-score": 0.4224416336450516,
        "support": 392.0
      }
    }
  },
  "model_path": "/Users/ahmed/Desktop/thesis/My-Master-thesis/models/f1_9_channel_models_optuna/Speed/xgb_model.json",
  "classes_path": "/Users/ahmed/Desktop/thesis/My-Master-thesis/models/f1_9_channel_models_optuna/Speed/classes.json"
}