{
  "channel": "Y",
  "status": "trained",
  "classes": [
    "heap_sort",
    "introsort",
    "merge_sort",
    "quick_sort",
    "shell_sort"
  ],
  "rows_total": 3742,
  "rows_train": 2619,
  "rows_val": 561,
  "rows_test": 562,
  "metrics": {
    "train": {
      "accuracy": 0.9873997709049256,
      "balanced_accuracy": 0.9893636329262299,
      "confusion_matrix": [
        [
          212,
          0,
          0,
          0,
          0
        ],
        [
          0,
          496,
          3,
          0,
          0
        ],
        [
          6,
          5,
          621,
          4,
          0
        ],
        [
          0,
          1,
          3,
          632,
          0
        ],
        [
          5,
          2,
          1,
          3,
          625
        ]
      ],
      "classification_report": {
        "heap_sort": {
          "precision": 0.9506726457399103,
          "recall": 1.0,
          "f1-score": 0.9747126436781609,
          "support": 212.0
        },
        "introsort": {
          "precision": 0.9841269841269841,
          "recall": 0.9939879759519038,
          "f1-score": 0.9890329012961117,
          "support": 499.0
        },
        "merge_sort": {
          "precision": 0.9888535031847133,
          "recall": 0.9764150943396226,
          "f1-score": 0.9825949367088608,
          "support": 636.0
        },
        "quick_sort": {
          "precision": 0.9890453834115805,
          "recall": 0.9937106918238994,
          "f1-score": 0.9913725490196078,
          "support": 636.0
        },
        "shell_sort": {
          "precision": 1.0,
          "recall": 0.9827044025157232,
          "f1-score": 0.9912767644726408,
          "support": 636.0
        },
        "accuracy": 0.9873997709049256,
        "macro avg": {
          "precision": 0.9825397032926377,
          "recall": 0.9893636329262299,
          "f1-score": 0.9857979590350764,
          "support": 2619.0
        },
        "weighted avg": {
          "precision": 0.987615753284257,
          "recall": 0.9873997709049256,
          "f1-score": 0.9874233834801205,
          "support": 2619.0
        }
      },
      "n_rows": 2619
    },
    "val": {
      "accuracy": 0.42245989304812837,
      "balanced_accuracy": 0.4193638406195473,
      "confusion_matrix": [
        [
          17,
          5,
          12,
          3,
          9
        ],
        [
          0,
          55,
          9,
          25,
          18
        ],
        [
          10,
          17,
          55,
          15,
          39
        ],
        [
          0,
          38,
          9,
          63,
          26
        ],
        [
          5,
          18,
          30,
          36,
          47
        ]
      ],
      "classification_report": {
        "heap_sort": {
          "precision": 0.53125,
          "recall": 0.3695652173913043,
          "f1-score": 0.4358974358974359,
          "support": 46.0
        },
        "introsort": {
          "precision": 0.41353383458646614,
          "recall": 0.514018691588785,
          "f1-score": 0.4583333333333333,
          "support": 107.0
        },
        "merge_sort": {
          "precision": 0.4782608695652174,
          "recall": 0.40441176470588236,
          "f1-score": 0.43824701195219123,
          "support": 136.0
        },
        "quick_sort": {
          "precision": 0.44366197183098594,
          "recall": 0.4632352941176471,
          "f1-score": 0.45323741007194246,
          "support": 136.0
        },
        "shell_sort": {
          "precision": 0.3381294964028777,
          "recall": 0.34558823529411764,
          "f1-score": 0.3418181818181818,
          "support": 136.0
        },
        "accuracy": 0.42245989304812837,
        "macro avg": {
          "precision": 0.4409672344771095,
          "recall": 0.4193638406195473,
          "f1-score": 0.425506674614617,
          "support": 561.0
        },
        "weighted avg": {
          "precision": 0.42790149419149176,
          "recall": 0.42245989304812837,
          "f1-score": 0.4221427858119495,
          "support": 561.0
        }
      },
      "n_rows": 561
    },
    "test": {
      "accuracy": 0.40391459074733094,
      "balanced_accuracy": 0.43332170346906607,
      "confusion_matrix": [
        [
          26,
          3,
          13,
          0,
          3
        ],
        [
          2,
          57,
          10,
          25,
          12
        ],
        [
          11,
          24,
          40,
          17,
          45
        ],
        [
          0,
          45,
          5,
          61,
          26
        ],
        [
          5,
          24,
          32,
          33,
          43
        ]
      ],
      "classification_report": {
        "heap_sort": {
          "precision": 0.5909090909090909,
          "recall": 0.5777777777777777,
          "f1-score": 0.5842696629213483,
          "support": 45.0
        },
        "introsort": {
          "precision": 0.37254901960784315,
          "recall": 0.5377358490566038,
          "f1-score": 0.44015444015444016,
          "support": 106.0
        },
        "merge_sort": {
          "precision": 0.4,
          "recall": 0.291970802919708,
          "f1-score": 0.33755274261603374,
          "support": 137.0
        },
        "quick_sort": {
          "precision": 0.4485294117647059,
          "recall": 0.44525547445255476,
          "f1-score": 0.4468864468864469,
          "support": 137.0
        },
        "shell_sort": {
          "precision": 0.3333333333333333,
          "recall": 0.31386861313868614,
          "f1-score": 0.3233082706766917,
          "support": 137.0
        },
        "accuracy": 0.40391459074733094,
        "macro avg": {
          "precision": 0.42906417112299466,
          "recall": 0.43332170346906607,
          "f1-score": 0.4264343126509922,
          "support": 562.0
        },
        "weighted avg": {
          "precision": 0.4056873687682773,
          "recall": 0.40391459074733094,
          "f1-score": 0.39983969311811024,
          "support": 562.0
        }
      },
      "n_rows": 562
    }
  },
  "feature_columns": [
    "n_elements",
    "length_norm",
    "adj_sorted_ratio",
    "duplicate_ratio",
    "dispersion_ratio",
    "runs_ratio",
    "inversion_ratio",
    "entropy_ratio",
    "skewness_t",
    "kurtosis_excess_t",
    "longest_run_ratio",
    "iqr_norm",
    "mad_norm",
    "top1_freq_ratio",
    "top5_freq_ratio",
    "outlier_ratio",
    "mean_abs_diff_norm"
  ],
  "xgb_params": {
    "n_estimators": 500,
    "max_depth": 7,
    "learning_rate": 0.05,
    "subsample": 0.8,
    "colsample_bytree": 0.8,
    "min_child_weight": 5,
    "reg_alpha": 0.1,
    "reg_lambda": 1.0,
    "random_state": 42,
    "n_jobs": -1,
    "tree_method": "hist",
    "objective": "multi:softprob",
    "eval_metric": "mlogloss",
    "num_class": 5
  },
  "channel_balance_max_ratio": 3.0,
  "dropped_rare_classes": [],
  "class_counts_before_drop": {
    "shell_sort": 41311,
    "merge_sort": 5047,
    "quick_sort": 1083,
    "introsort": 712,
    "heap_sort": 303
  },
  "class_counts_after_drop": {
    "shell_sort": 909,
    "merge_sort": 909,
    "quick_sort": 909,
    "introsort": 712,
    "heap_sort": 303
  },
  "model_path": "/Users/ahmed/Desktop/thesis/My-Master-thesis/models/xgboost_v5_f1_per_channel/Y/xgb_model.json"
}