{
  "channel": "Y",
  "status": "trained",
  "classes": [
    "heap_sort",
    "introsort",
    "merge_sort",
    "quick_sort",
    "shell_sort"
  ],
  "rows_total": 819,
  "rows_raw": 1256,
  "rows_after_margin": 1256,
  "rows_after_drop": 1256,
  "rows_after_balance": 819,
  "rows_train": 573,
  "rows_val": 123,
  "rows_test": 123,
  "metrics": {
    "train": {
      "accuracy": 0.9930191972076788,
      "balanced_accuracy": 0.9944708115804461,
      "confusion_matrix": [
        [
          74,
          0,
          0,
          0,
          0
        ],
        [
          0,
          57,
          0,
          0,
          0
        ],
        [
          2,
          0,
          170,
          0,
          0
        ],
        [
          0,
          0,
          1,
          171,
          0
        ],
        [
          1,
          0,
          0,
          0,
          97
        ]
      ],
      "classification_report": {
        "heap_sort": {
          "precision": 0.961038961038961,
          "recall": 1.0,
          "f1-score": 0.9801324503311258,
          "support": 74.0
        },
        "introsort": {
          "precision": 1.0,
          "recall": 1.0,
          "f1-score": 1.0,
          "support": 57.0
        },
        "merge_sort": {
          "precision": 0.9941520467836257,
          "recall": 0.9883720930232558,
          "f1-score": 0.9912536443148688,
          "support": 172.0
        },
        "quick_sort": {
          "precision": 1.0,
          "recall": 0.9941860465116279,
          "f1-score": 0.9970845481049563,
          "support": 172.0
        },
        "shell_sort": {
          "precision": 1.0,
          "recall": 0.9897959183673469,
          "f1-score": 0.9948717948717949,
          "support": 98.0
        },
        "accuracy": 0.9930191972076788,
        "macro avg": {
          "precision": 0.9910382015645173,
          "recall": 0.9944708115804461,
          "f1-score": 0.9926684875245492,
          "support": 573.0
        },
        "weighted avg": {
          "precision": 0.9932129758528215,
          "recall": 0.9930191972076788,
          "f1-score": 0.9930565555290561,
          "support": 573.0
        }
      },
      "n_rows": 573
    },
    "val": {
      "accuracy": 0.44715447154471544,
      "balanced_accuracy": 0.44644688644688646,
      "confusion_matrix": [
        [
          12,
          1,
          1,
          1,
          0
        ],
        [
          0,
          5,
          4,
          2,
          2
        ],
        [
          3,
          5,
          17,
          8,
          4
        ],
        [
          2,
          2,
          11,
          20,
          2
        ],
        [
          3,
          2,
          8,
          7,
          1
        ]
      ],
      "classification_report": {
        "heap_sort": {
          "precision": 0.6,
          "recall": 0.8,
          "f1-score": 0.6857142857142857,
          "support": 15.0
        },
        "introsort": {
          "precision": 0.3333333333333333,
          "recall": 0.38461538461538464,
          "f1-score": 0.35714285714285715,
          "support": 13.0
        },
        "merge_sort": {
          "precision": 0.4146341463414634,
          "recall": 0.4594594594594595,
          "f1-score": 0.4358974358974359,
          "support": 37.0
        },
        "quick_sort": {
          "precision": 0.5263157894736842,
          "recall": 0.5405405405405406,
          "f1-score": 0.5333333333333333,
          "support": 37.0
        },
        "shell_sort": {
          "precision": 0.1111111111111111,
          "recall": 0.047619047619047616,
          "f1-score": 0.06666666666666667,
          "support": 21.0
        },
        "accuracy": 0.44715447154471544,
        "macro avg": {
          "precision": 0.39707887605191844,
          "recall": 0.44644688644688646,
          "f1-score": 0.4157509157509158,
          "support": 123.0
        },
        "weighted avg": {
          "precision": 0.4104212544050986,
          "recall": 0.44715447154471544,
          "f1-score": 0.42430983650495846,
          "support": 123.0
        }
      },
      "n_rows": 123
    },
    "test": {
      "accuracy": 0.5040650406504065,
      "balanced_accuracy": 0.5083815958815958,
      "confusion_matrix": [
        [
          13,
          0,
          2,
          0,
          1
        ],
        [
          0,
          5,
          3,
          1,
          3
        ],
        [
          2,
          4,
          20,
          8,
          3
        ],
        [
          1,
          2,
          13,
          18,
          3
        ],
        [
          3,
          3,
          5,
          4,
          6
        ]
      ],
      "classification_report": {
        "heap_sort": {
          "precision": 0.6842105263157895,
          "recall": 0.8125,
          "f1-score": 0.7428571428571429,
          "support": 16.0
        },
        "introsort": {
          "precision": 0.35714285714285715,
          "recall": 0.4166666666666667,
          "f1-score": 0.38461538461538464,
          "support": 12.0
        },
        "merge_sort": {
          "precision": 0.46511627906976744,
          "recall": 0.5405405405405406,
          "f1-score": 0.5,
          "support": 37.0
        },
        "quick_sort": {
          "precision": 0.5806451612903226,
          "recall": 0.4864864864864865,
          "f1-score": 0.5294117647058824,
          "support": 37.0
        },
        "shell_sort": {
          "precision": 0.375,
          "recall": 0.2857142857142857,
          "f1-score": 0.32432432432432434,
          "support": 21.0
        },
        "accuracy": 0.5040650406504065,
        "macro avg": {
          "precision": 0.4924229647637473,
          "recall": 0.5083815958815958,
          "f1-score": 0.4962417233005468,
          "support": 123.0
        },
        "weighted avg": {
          "precision": 0.5024492357730914,
          "recall": 0.5040650406504065,
          "f1-score": 0.49918817078071026,
          "support": 123.0
        }
      },
      "n_rows": 123
    }
  },
  "feature_columns": [
    "n_elements",
    "length_norm",
    "adj_sorted_ratio",
    "duplicate_ratio",
    "dispersion_ratio",
    "runs_ratio",
    "inversion_ratio",
    "entropy_ratio",
    "skewness_t",
    "kurtosis_excess_t",
    "longest_run_ratio",
    "iqr_norm",
    "mad_norm",
    "top1_freq_ratio",
    "top5_freq_ratio",
    "outlier_ratio",
    "mean_abs_diff_norm"
  ],
  "xgb_params": {
    "n_estimators": 500,
    "max_depth": 7,
    "learning_rate": 0.05,
    "subsample": 0.8,
    "colsample_bytree": 0.8,
    "min_child_weight": 5,
    "reg_alpha": 0.1,
    "reg_lambda": 1.0,
    "random_state": 42,
    "n_jobs": -1,
    "tree_method": "hist",
    "objective": "multi:softprob",
    "eval_metric": "mlogloss",
    "num_class": 5
  },
  "channel_balance_max_ratio": 3.0,
  "min_winner_margin": 0.0,
  "dropped_rare_classes": [],
  "class_counts_before_drop": {
    "quick_sort": 512,
    "merge_sort": 417,
    "shell_sort": 140,
    "heap_sort": 105,
    "introsort": 82
  },
  "class_counts_after_drop": {
    "merge_sort": 246,
    "quick_sort": 246,
    "shell_sort": 140,
    "heap_sort": 105,
    "introsort": 82
  },
  "model_path": "/Users/ahmed/Desktop/thesis/My-Master-thesis/models/xgboost_v5_f1_per_channel/Y/xgb_model.json"
}