{
  "fold": 2,
  "train_size_raw": 240,
  "train_size_balanced": 240,
  "test_size": 60,
  "train_class_counts_raw": {
    "timsort": 80,
    "heapsort": 80,
    "introsort": 80
  },
  "train_class_counts_balanced": {
    "timsort": 80,
    "introsort": 80,
    "heapsort": 80
  },
  "test_class_counts": {
    "heapsort": 20,
    "introsort": 20,
    "timsort": 20
  },
  "accuracy": 0.5666666666666667,
  "balanced_accuracy": 0.5666666666666668,
  "macro_f1": 0.5740582687951109,
  "weighted_f1": 0.5740582687951109,
  "classification_report": {
    "introsort": {
      "precision": 0.44,
      "recall": 0.55,
      "f1-score": 0.4888888888888889,
      "support": 20.0
    },
    "heapsort": {
      "precision": 0.3888888888888889,
      "recall": 0.35,
      "f1-score": 0.3684210526315789,
      "support": 20.0
    },
    "timsort": {
      "precision": 0.9411764705882353,
      "recall": 0.8,
      "f1-score": 0.8648648648648649,
      "support": 20.0
    },
    "accuracy": 0.5666666666666667,
    "macro avg": {
      "precision": 0.5900217864923748,
      "recall": 0.5666666666666668,
      "f1-score": 0.5740582687951109,
      "support": 60.0
    },
    "weighted avg": {
      "precision": 0.5900217864923748,
      "recall": 0.5666666666666667,
      "f1-score": 0.5740582687951109,
      "support": 60.0
    }
  },
  "confusion_matrix": [
    [
      11,
      9,
      0
    ],
    [
      12,
      7,
      1
    ],
    [
      2,
      2,
      16
    ]
  ],
  "regret": {
    "vbs_total_s": 0.000106,
    "sbs_total_s": 0.000113,
    "sbs_algorithm": "timsort",
    "model_total_s": 0.000114,
    "gap_closed_pct": -21.29,
    "zero_regret_pct": 65.0,
    "mean_regret_us": 0.135,
    "p95_regret_us": 0.34
  },
  "elapsed_s": 1.17
}