{
  "channel": "Speed",
  "rows_raw": 2607,
  "rows_used": 2607,
  "kept_classes": [
    "heap_sort",
    "introsort",
    "merge_sort",
    "quick_sort",
    "shell_sort"
  ],
  "dropped_classes": [],
  "class_counts_before_drop": {
    "shell_sort": 907,
    "introsort": 691,
    "merge_sort": 454,
    "quick_sort": 382,
    "heap_sort": 173
  },
  "metrics": {
    "test_accuracy": 0.4107142857142857,
    "test_balanced_accuracy": 0.4368466219378998,
    "confusion_matrix": [
      [
        18,
        1,
        2,
        0,
        5
      ],
      [
        0,
        37,
        10,
        10,
        47
      ],
      [
        5,
        14,
        27,
        8,
        14
      ],
      [
        0,
        10,
        15,
        16,
        17
      ],
      [
        4,
        38,
        22,
        9,
        63
      ]
    ],
    "classification_report": {
      "heap_sort": {
        "precision": 0.6666666666666666,
        "recall": 0.6923076923076923,
        "f1-score": 0.6792452830188679,
        "support": 26.0
      },
      "introsort": {
        "precision": 0.37,
        "recall": 0.3557692307692308,
        "f1-score": 0.3627450980392157,
        "support": 104.0
      },
      "merge_sort": {
        "precision": 0.35526315789473684,
        "recall": 0.39705882352941174,
        "f1-score": 0.375,
        "support": 68.0
      },
      "quick_sort": {
        "precision": 0.37209302325581395,
        "recall": 0.27586206896551724,
        "f1-score": 0.31683168316831684,
        "support": 58.0
      },
      "shell_sort": {
        "precision": 0.4315068493150685,
        "recall": 0.4632352941176471,
        "f1-score": 0.44680851063829785,
        "support": 136.0
      },
      "accuracy": 0.4107142857142857,
      "macro avg": {
        "precision": 0.43910593942645715,
        "recall": 0.4368466219378998,
        "f1-score": 0.4361261149729397,
        "support": 392.0
      },
      "weighted avg": {
        "precision": 0.40876927277005604,
        "recall": 0.4107142857142857,
        "f1-score": 0.40823485363556095,
        "support": 392.0
      }
    }
  },
  "model_path": "/Users/ahmed/Desktop/thesis/My-Master-thesis/models/f1_9_channel_models_dynamic_v2/Speed/xgb_model.json",
  "classes_path": "/Users/ahmed/Desktop/thesis/My-Master-thesis/models/f1_9_channel_models_dynamic_v2/Speed/classes.json"
}