{
  "fold": 5,
  "train_size_raw": 4000,
  "train_size_balanced": 133,
  "test_size": 1000,
  "train_class_counts_raw": {
    "timsort": 3874,
    "heapsort": 107,
    "introsort": 19
  },
  "train_class_counts_balanced": {
    "heapsort": 57,
    "timsort": 57,
    "introsort": 19
  },
  "test_class_counts": {
    "timsort": 968,
    "heapsort": 27,
    "introsort": 5
  },
  "accuracy": 0.825,
  "balanced_accuracy": 0.6447607387001326,
  "macro_f1": 0.40595927904907764,
  "weighted_f1": 0.8847432942512418,
  "classification_report": {
    "introsort": {
      "precision": 0.02631578947368421,
      "recall": 0.4,
      "f1-score": 0.04938271604938271,
      "support": 5.0
    },
    "heapsort": {
      "precision": 0.16101694915254236,
      "recall": 0.7037037037037037,
      "f1-score": 0.2620689655172414,
      "support": 27.0
    },
    "timsort": {
      "precision": 0.9975186104218362,
      "recall": 0.8305785123966942,
      "f1-score": 0.9064261555806088,
      "support": 968.0
    },
    "accuracy": 0.825,
    "macro avg": {
      "precision": 0.3949504496826876,
      "recall": 0.6447607387001326,
      "f1-score": 0.40595927904907764,
      "support": 1000.0
    },
    "weighted avg": {
      "precision": 0.9700770514628245,
      "recall": 0.825,
      "f1-score": 0.8847432942512418,
      "support": 1000.0
    }
  },
  "confusion_matrix": [
    [
      2,
      3,
      0
    ],
    [
      6,
      19,
      2
    ],
    [
      68,
      96,
      804
    ]
  ],
  "regret": {
    "vbs_total_s": 0.002157,
    "sbs_total_s": 0.002165,
    "sbs_algorithm": "timsort",
    "model_total_s": 0.002293,
    "gap_closed_pct": -1731.86,
    "zero_regret_pct": 82.5,
    "mean_regret_us": 0.136,
    "p95_regret_us": 0.541
  },
  "elapsed_s": 0.84
}