{
  "fold": 4,
  "train_size_raw": 19114,
  "train_size_balanced": 19114,
  "test_size": 4778,
  "train_class_counts_raw": {
    "introsort": 6372,
    "timsort": 6371,
    "heapsort": 6371
  },
  "train_class_counts_balanced": {
    "introsort": 6372,
    "heapsort": 6371,
    "timsort": 6371
  },
  "test_class_counts": {
    "heapsort": 1593,
    "timsort": 1593,
    "introsort": 1592
  },
  "accuracy": 0.6059020510673923,
  "balanced_accuracy": 0.6058688504249643,
  "macro_f1": 0.6097584754703385,
  "weighted_f1": 0.6097912691414319,
  "classification_report": {
    "introsort": {
      "precision": 0.4590586718246293,
      "recall": 0.4472361809045226,
      "f1-score": 0.45307031498568245,
      "support": 1592.0
    },
    "heapsort": {
      "precision": 0.46323103647944414,
      "recall": 0.5021971123666039,
      "f1-score": 0.4819277108433735,
      "support": 1593.0
    },
    "timsort": {
      "precision": 0.922,
      "recall": 0.8681732580037664,
      "f1-score": 0.8942774005819593,
      "support": 1593.0
    },
    "accuracy": 0.6059020510673923,
    "macro avg": {
      "precision": 0.6147632361013579,
      "recall": 0.6058688504249643,
      "f1-score": 0.6097584754703385,
      "support": 4778.0
    },
    "weighted avg": {
      "precision": 0.6147958239130524,
      "recall": 0.6059020510673923,
      "f1-score": 0.6097912691414319,
      "support": 4778.0
    }
  },
  "confusion_matrix": [
    [
      712,
      812,
      68
    ],
    [
      744,
      800,
      49
    ],
    [
      95,
      115,
      1383
    ]
  ],
  "regret": {
    "vbs_total_s": 0.007965,
    "sbs_total_s": 0.008452,
    "sbs_algorithm": "timsort",
    "model_total_s": 0.008163,
    "gap_closed_pct": 59.44,
    "zero_regret_pct": 65.91,
    "mean_regret_us": 0.041,
    "p95_regret_us": 0.209
  },
  "elapsed_s": 2.28
}