{
  "fold": 4,
  "train_size_raw": 240,
  "train_size_balanced": 240,
  "test_size": 60,
  "train_class_counts_raw": {
    "timsort": 80,
    "introsort": 80,
    "heapsort": 80
  },
  "train_class_counts_balanced": {
    "timsort": 80,
    "introsort": 80,
    "heapsort": 80
  },
  "test_class_counts": {
    "heapsort": 20,
    "timsort": 20,
    "introsort": 20
  },
  "accuracy": 0.48333333333333334,
  "balanced_accuracy": 0.4833333333333334,
  "macro_f1": 0.48826171709466903,
  "weighted_f1": 0.4882617170946691,
  "classification_report": {
    "introsort": {
      "precision": 0.25,
      "recall": 0.2,
      "f1-score": 0.2222222222222222,
      "support": 20.0
    },
    "heapsort": {
      "precision": 0.3076923076923077,
      "recall": 0.4,
      "f1-score": 0.34782608695652173,
      "support": 20.0
    },
    "timsort": {
      "precision": 0.9444444444444444,
      "recall": 0.85,
      "f1-score": 0.8947368421052632,
      "support": 20.0
    },
    "accuracy": 0.48333333333333334,
    "macro avg": {
      "precision": 0.5007122507122507,
      "recall": 0.4833333333333334,
      "f1-score": 0.48826171709466903,
      "support": 60.0
    },
    "weighted avg": {
      "precision": 0.5007122507122507,
      "recall": 0.48333333333333334,
      "f1-score": 0.4882617170946691,
      "support": 60.0
    }
  },
  "confusion_matrix": [
    [
      4,
      16,
      0
    ],
    [
      11,
      8,
      1
    ],
    [
      1,
      2,
      17
    ]
  ],
  "regret": {
    "vbs_total_s": 9.5e-05,
    "sbs_total_s": 0.000101,
    "sbs_algorithm": "timsort",
    "model_total_s": 9.9e-05,
    "gap_closed_pct": 29.62,
    "zero_regret_pct": 55.0,
    "mean_regret_us": 0.067,
    "p95_regret_us": 0.263
  },
  "elapsed_s": 1.11
}