{
  "fold": 3,
  "train_size_raw": 4000,
  "train_size_balanced": 133,
  "test_size": 1000,
  "train_class_counts_raw": {
    "timsort": 3874,
    "heapsort": 107,
    "introsort": 19
  },
  "train_class_counts_balanced": {
    "timsort": 57,
    "heapsort": 57,
    "introsort": 19
  },
  "test_class_counts": {
    "timsort": 968,
    "heapsort": 27,
    "introsort": 5
  },
  "accuracy": 0.844,
  "balanced_accuracy": 0.5306601367207427,
  "macro_f1": 0.3865027571204533,
  "weighted_f1": 0.8942827945565841,
  "classification_report": {
    "introsort": {
      "precision": 0.0,
      "recall": 0.0,
      "f1-score": 0.0,
      "support": 5.0
    },
    "heapsort": {
      "precision": 0.14492753623188406,
      "recall": 0.7407407407407407,
      "f1-score": 0.24242424242424243,
      "support": 27.0
    },
    "timsort": {
      "precision": 0.9939686369119421,
      "recall": 0.8512396694214877,
      "f1-score": 0.9170840289371174,
      "support": 968.0
    },
    "accuracy": 0.844,
    "macro avg": {
      "precision": 0.3796320577146088,
      "recall": 0.5306601367207427,
      "f1-score": 0.3865027571204533,
      "support": 1000.0
    },
    "weighted avg": {
      "precision": 0.9660746840090209,
      "recall": 0.844,
      "f1-score": 0.8942827945565841,
      "support": 1000.0
    }
  },
  "confusion_matrix": [
    [
      0,
      2,
      3
    ],
    [
      5,
      20,
      2
    ],
    [
      28,
      116,
      824
    ]
  ],
  "regret": {
    "vbs_total_s": 0.002191,
    "sbs_total_s": 0.002202,
    "sbs_algorithm": "timsort",
    "model_total_s": 0.002296,
    "gap_closed_pct": -870.88,
    "zero_regret_pct": 84.4,
    "mean_regret_us": 0.105,
    "p95_regret_us": 0.336
  },
  "elapsed_s": 0.87
}