{
  "channel": "Speed",
  "status": "trained",
  "classes": [
    "heap_sort",
    "introsort",
    "merge_sort",
    "quick_sort",
    "shell_sort"
  ],
  "rows_total": 2047,
  "rows_raw": 2607,
  "rows_after_margin": 2607,
  "rows_after_drop": 2607,
  "rows_after_balance": 2047,
  "rows_train": 1432,
  "rows_val": 307,
  "rows_test": 308,
  "metrics": {
    "train": {
      "accuracy": 0.9937150837988827,
      "balanced_accuracy": 0.9947294557929206,
      "confusion_matrix": [
        [
          121,
          0,
          0,
          0,
          0
        ],
        [
          0,
          362,
          1,
          0,
          0
        ],
        [
          4,
          0,
          314,
          0,
          0
        ],
        [
          0,
          0,
          0,
          267,
          0
        ],
        [
          4,
          0,
          0,
          0,
          359
        ]
      ],
      "classification_report": {
        "heap_sort": {
          "precision": 0.937984496124031,
          "recall": 1.0,
          "f1-score": 0.968,
          "support": 121.0
        },
        "introsort": {
          "precision": 1.0,
          "recall": 0.9972451790633609,
          "f1-score": 0.9986206896551724,
          "support": 363.0
        },
        "merge_sort": {
          "precision": 0.9968253968253968,
          "recall": 0.9874213836477987,
          "f1-score": 0.9921011058451816,
          "support": 318.0
        },
        "quick_sort": {
          "precision": 1.0,
          "recall": 1.0,
          "f1-score": 1.0,
          "support": 267.0
        },
        "shell_sort": {
          "precision": 1.0,
          "recall": 0.9889807162534435,
          "f1-score": 0.9944598337950139,
          "support": 363.0
        },
        "accuracy": 0.9937150837988827,
        "macro avg": {
          "precision": 0.9869619785898855,
          "recall": 0.9947294557929206,
          "f1-score": 0.9906363258590737,
          "support": 1432.0
        },
        "weighted avg": {
          "precision": 0.994054888422824,
          "recall": 0.9937150837988827,
          "f1-score": 0.9937879760273641,
          "support": 1432.0
        }
      },
      "n_rows": 1432
    },
    "val": {
      "accuracy": 0.44299674267100975,
      "balanced_accuracy": 0.5023815194093832,
      "confusion_matrix": [
        [
          24,
          0,
          1,
          1,
          0
        ],
        [
          0,
          28,
          13,
          10,
          27
        ],
        [
          5,
          5,
          26,
          20,
          12
        ],
        [
          0,
          12,
          12,
          22,
          11
        ],
        [
          2,
          24,
          8,
          8,
          36
        ]
      ],
      "classification_report": {
        "heap_sort": {
          "precision": 0.7741935483870968,
          "recall": 0.9230769230769231,
          "f1-score": 0.8421052631578947,
          "support": 26.0
        },
        "introsort": {
          "precision": 0.4057971014492754,
          "recall": 0.358974358974359,
          "f1-score": 0.38095238095238093,
          "support": 78.0
        },
        "merge_sort": {
          "precision": 0.43333333333333335,
          "recall": 0.38235294117647056,
          "f1-score": 0.40625,
          "support": 68.0
        },
        "quick_sort": {
          "precision": 0.36065573770491804,
          "recall": 0.38596491228070173,
          "f1-score": 0.3728813559322034,
          "support": 57.0
        },
        "shell_sort": {
          "precision": 0.4186046511627907,
          "recall": 0.46153846153846156,
          "f1-score": 0.43902439024390244,
          "support": 78.0
        },
        "accuracy": 0.44299674267100975,
        "macro avg": {
          "precision": 0.4785168744074828,
          "recall": 0.5023815194093832,
          "f1-score": 0.4882426780572763,
          "support": 307.0
        },
        "weighted avg": {
          "precision": 0.4379687709369794,
          "recall": 0.44299674267100975,
          "f1-score": 0.43886697812231584,
          "support": 307.0
        }
      },
      "n_rows": 307
    },
    "test": {
      "accuracy": 0.4675324675324675,
      "balanced_accuracy": 0.5224241951422479,
      "confusion_matrix": [
        [
          22,
          0,
          2,
          2,
          0
        ],
        [
          0,
          34,
          9,
          14,
          21
        ],
        [
          7,
          8,
          25,
          12,
          16
        ],
        [
          0,
          7,
          7,
          35,
          9
        ],
        [
          3,
          25,
          14,
          8,
          28
        ]
      ],
      "classification_report": {
        "heap_sort": {
          "precision": 0.6875,
          "recall": 0.8461538461538461,
          "f1-score": 0.7586206896551724,
          "support": 26.0
        },
        "introsort": {
          "precision": 0.4594594594594595,
          "recall": 0.4358974358974359,
          "f1-score": 0.4473684210526316,
          "support": 78.0
        },
        "merge_sort": {
          "precision": 0.43859649122807015,
          "recall": 0.36764705882352944,
          "f1-score": 0.4,
          "support": 68.0
        },
        "quick_sort": {
          "precision": 0.49295774647887325,
          "recall": 0.603448275862069,
          "f1-score": 0.5426356589147286,
          "support": 58.0
        },
        "shell_sort": {
          "precision": 0.3783783783783784,
          "recall": 0.358974358974359,
          "f1-score": 0.3684210526315789,
          "support": 78.0
        },
        "accuracy": 0.4675324675324675,
        "macro avg": {
          "precision": 0.4913784151089563,
          "recall": 0.5224241951422479,
          "f1-score": 0.5034091644508223,
          "support": 308.0
        },
        "weighted avg": {
          "precision": 0.459878123541022,
          "recall": 0.4675324675324675,
          "f1-score": 0.4611317697904453,
          "support": 308.0
        }
      },
      "n_rows": 308
    }
  },
  "feature_columns": [
    "n_elements",
    "length_norm",
    "adj_sorted_ratio",
    "duplicate_ratio",
    "dispersion_ratio",
    "runs_ratio",
    "inversion_ratio",
    "entropy_ratio",
    "skewness_t",
    "kurtosis_excess_t",
    "longest_run_ratio",
    "iqr_norm",
    "mad_norm",
    "top1_freq_ratio",
    "top5_freq_ratio",
    "outlier_ratio",
    "mean_abs_diff_norm"
  ],
  "xgb_params": {
    "n_estimators": 500,
    "max_depth": 7,
    "learning_rate": 0.05,
    "subsample": 0.8,
    "colsample_bytree": 0.8,
    "min_child_weight": 5,
    "reg_alpha": 0.1,
    "reg_lambda": 1.0,
    "random_state": 42,
    "n_jobs": -1,
    "tree_method": "hist",
    "objective": "multi:softprob",
    "eval_metric": "mlogloss",
    "num_class": 5
  },
  "channel_balance_max_ratio": 3.0,
  "min_winner_margin": 0.0,
  "dropped_rare_classes": [],
  "class_counts_before_drop": {
    "shell_sort": 907,
    "introsort": 691,
    "merge_sort": 454,
    "quick_sort": 382,
    "heap_sort": 173
  },
  "class_counts_after_drop": {
    "shell_sort": 519,
    "introsort": 519,
    "merge_sort": 454,
    "quick_sort": 382,
    "heap_sort": 173
  },
  "model_path": "/Users/ahmed/Desktop/thesis/My-Master-thesis/models/xgboost_v5_f1_per_channel/Speed/xgb_model.json"
}