{
  "fold": 2,
  "train_size_raw": 4000,
  "train_size_balanced": 133,
  "test_size": 1000,
  "train_class_counts_raw": {
    "timsort": 3873,
    "heapsort": 108,
    "introsort": 19
  },
  "train_class_counts_balanced": {
    "heapsort": 57,
    "timsort": 57,
    "introsort": 19
  },
  "test_class_counts": {
    "timsort": 969,
    "heapsort": 26,
    "introsort": 5
  },
  "accuracy": 0.863,
  "balanced_accuracy": 0.5588764520653066,
  "macro_f1": 0.4034047885079755,
  "weighted_f1": 0.9068856396557721,
  "classification_report": {
    "introsort": {
      "precision": 0.0,
      "recall": 0.0,
      "f1-score": 0.0,
      "support": 5.0
    },
    "heapsort": {
      "precision": 0.17073170731707318,
      "recall": 0.8076923076923077,
      "f1-score": 0.28187919463087246,
      "support": 26.0
    },
    "timsort": {
      "precision": 0.9964497041420118,
      "recall": 0.868937048503612,
      "f1-score": 0.9283351708930541,
      "support": 969.0
    },
    "accuracy": 0.863,
    "macro avg": {
      "precision": 0.38906047048636166,
      "recall": 0.5588764520653066,
      "f1-score": 0.4034047885079755,
      "support": 1000.0
    },
    "weighted avg": {
      "precision": 0.9699987877038534,
      "recall": 0.863,
      "f1-score": 0.9068856396557721,
      "support": 1000.0
    }
  },
  "confusion_matrix": [
    [
      0,
      4,
      1
    ],
    [
      3,
      21,
      2
    ],
    [
      29,
      98,
      842
    ]
  ],
  "regret": {
    "vbs_total_s": 0.002173,
    "sbs_total_s": 0.002181,
    "sbs_algorithm": "timsort",
    "model_total_s": 0.002248,
    "gap_closed_pct": -857.02,
    "zero_regret_pct": 86.3,
    "mean_regret_us": 0.075,
    "p95_regret_us": 0.292
  },
  "elapsed_s": 0.88
}