{
  "channel": "RPM",
  "rows": 1951,
  "classes": [
    "heap_sort",
    "introsort",
    "merge_sort",
    "quick_sort",
    "shell_sort"
  ],
  "dropped_rare_classes": [],
  "best_trial_value_balanced_accuracy": 0.43216313930860756,
  "best_params": {
    "n_estimators": 1176,
    "max_depth": 10,
    "learning_rate": 0.004010100964533183,
    "subsample": 0.8718546676909814,
    "colsample_bytree": 0.7092216202555366,
    "min_child_weight": 13.373330689803684,
    "reg_alpha": 0.0010695159048720348,
    "reg_lambda": 0.0004673336053316024,
    "gamma": 0.012294037579428029
  },
  "test_metrics": {
    "accuracy": 0.4402730375426621,
    "balanced_accuracy": 0.42858407849646607,
    "confusion_matrix": [
      [
        19,
        0,
        1,
        2,
        1
      ],
      [
        1,
        14,
        2,
        17,
        15
      ],
      [
        3,
        2,
        9,
        14,
        7
      ],
      [
        0,
        21,
        15,
        77,
        15
      ],
      [
        4,
        13,
        7,
        24,
        10
      ]
    ],
    "classification_report": {
      "heap_sort": {
        "precision": 0.7037037037037037,
        "recall": 0.8260869565217391,
        "f1-score": 0.76,
        "support": 23.0
      },
      "introsort": {
        "precision": 0.28,
        "recall": 0.2857142857142857,
        "f1-score": 0.2828282828282828,
        "support": 49.0
      },
      "merge_sort": {
        "precision": 0.2647058823529412,
        "recall": 0.2571428571428571,
        "f1-score": 0.2608695652173913,
        "support": 35.0
      },
      "quick_sort": {
        "precision": 0.5746268656716418,
        "recall": 0.6015625,
        "f1-score": 0.5877862595419847,
        "support": 128.0
      },
      "shell_sort": {
        "precision": 0.20833333333333334,
        "recall": 0.1724137931034483,
        "f1-score": 0.18867924528301888,
        "support": 58.0
      },
      "accuracy": 0.4402730375426621,
      "macro avg": {
        "precision": 0.406273957012324,
        "recall": 0.42858407849646607,
        "f1-score": 0.41603267057413557,
        "support": 293.0
      },
      "weighted avg": {
        "precision": 0.42595721231003963,
        "recall": 0.4402730375426621,
        "f1-score": 0.43224934501359624,
        "support": 293.0
      }
    }
  },
  "model_path": "/Users/ahmed/Desktop/thesis/My-Master-thesis/models/f1_9_channel_models_optuna/RPM/xgb_model.json",
  "classes_path": "/Users/ahmed/Desktop/thesis/My-Master-thesis/models/f1_9_channel_models_optuna/RPM/classes.json"
}