{
  "channel": "Z",
  "rows": 1009,
  "classes": [
    "heap_sort",
    "introsort",
    "merge_sort",
    "quick_sort",
    "shell_sort"
  ],
  "class_counts_before_drop": {
    "merge_sort": 399,
    "quick_sort": 214,
    "heap_sort": 165,
    "shell_sort": 149,
    "introsort": 82
  },
  "dropped_rare_classes": [],
  "metrics": {
    "test_accuracy": 0.5460526315789473,
    "test_balanced_accuracy": 0.4801739130434782,
    "confusion_matrix": [
      [
        21,
        0,
        1,
        1,
        2
      ],
      [
        0,
        2,
        5,
        2,
        3
      ],
      [
        3,
        3,
        38,
        10,
        6
      ],
      [
        0,
        1,
        9,
        16,
        6
      ],
      [
        5,
        4,
        4,
        4,
        6
      ]
    ],
    "classification_report": {
      "heap_sort": {
        "precision": 0.7241379310344828,
        "recall": 0.84,
        "f1-score": 0.7777777777777778,
        "support": 25.0
      },
      "introsort": {
        "precision": 0.2,
        "recall": 0.16666666666666666,
        "f1-score": 0.18181818181818182,
        "support": 12.0
      },
      "merge_sort": {
        "precision": 0.6666666666666666,
        "recall": 0.6333333333333333,
        "f1-score": 0.6495726495726496,
        "support": 60.0
      },
      "quick_sort": {
        "precision": 0.48484848484848486,
        "recall": 0.5,
        "f1-score": 0.49230769230769234,
        "support": 32.0
      },
      "shell_sort": {
        "precision": 0.2608695652173913,
        "recall": 0.2608695652173913,
        "f1-score": 0.2608695652173913,
        "support": 23.0
      },
      "accuracy": 0.5460526315789473,
      "macro avg": {
        "precision": 0.46730452955340507,
        "recall": 0.4801739130434782,
        "f1-score": 0.47246917333873856,
        "support": 152.0
      },
      "weighted avg": {
        "precision": 0.5395960512566683,
        "recall": 0.5460526315789473,
        "f1-score": 0.5418057089109721,
        "support": 152.0
      }
    }
  },
  "model_path": "/Users/ahmed/Desktop/thesis/My-Master-thesis/models/f1_9_channel_models/Z/xgb_model.json",
  "classes_path": "/Users/ahmed/Desktop/thesis/My-Master-thesis/models/f1_9_channel_models/Z/classes.json"
}