{
  "fold": 5,
  "train_size_raw": 240,
  "train_size_balanced": 240,
  "test_size": 60,
  "train_class_counts_raw": {
    "timsort": 80,
    "heapsort": 80,
    "introsort": 80
  },
  "train_class_counts_balanced": {
    "heapsort": 80,
    "timsort": 80,
    "introsort": 80
  },
  "test_class_counts": {
    "timsort": 20,
    "introsort": 20,
    "heapsort": 20
  },
  "accuracy": 0.5166666666666667,
  "balanced_accuracy": 0.5166666666666666,
  "macro_f1": 0.535024154589372,
  "weighted_f1": 0.535024154589372,
  "classification_report": {
    "introsort": {
      "precision": 0.46153846153846156,
      "recall": 0.6,
      "f1-score": 0.5217391304347826,
      "support": 20.0
    },
    "heapsort": {
      "precision": 0.3181818181818182,
      "recall": 0.35,
      "f1-score": 0.3333333333333333,
      "support": 20.0
    },
    "timsort": {
      "precision": 1.0,
      "recall": 0.6,
      "f1-score": 0.75,
      "support": 20.0
    },
    "accuracy": 0.5166666666666667,
    "macro avg": {
      "precision": 0.5932400932400933,
      "recall": 0.5166666666666666,
      "f1-score": 0.535024154589372,
      "support": 60.0
    },
    "weighted avg": {
      "precision": 0.5932400932400932,
      "recall": 0.5166666666666667,
      "f1-score": 0.535024154589372,
      "support": 60.0
    }
  },
  "confusion_matrix": [
    [
      12,
      8,
      0
    ],
    [
      13,
      7,
      0
    ],
    [
      1,
      7,
      12
    ]
  ],
  "regret": {
    "vbs_total_s": 0.000105,
    "sbs_total_s": 0.000111,
    "sbs_algorithm": "timsort",
    "model_total_s": 0.000108,
    "gap_closed_pct": 46.37,
    "zero_regret_pct": 55.0,
    "mean_regret_us": 0.051,
    "p95_regret_us": 0.256
  },
  "elapsed_s": 1.1
}