{
  "channel": "Distance",
  "status": "trained",
  "classes": [
    "heap_sort",
    "introsort",
    "merge_sort",
    "quick_sort",
    "shell_sort"
  ],
  "rows_total": 654,
  "rows_raw": 2014,
  "rows_after_margin": 2014,
  "rows_after_drop": 2014,
  "rows_after_balance": 654,
  "rows_train": 457,
  "rows_val": 98,
  "rows_test": 99,
  "metrics": {
    "train": {
      "accuracy": 0.9890590809628009,
      "balanced_accuracy": 0.9925373134328357,
      "confusion_matrix": [
        [
          63,
          0,
          0,
          0,
          0
        ],
        [
          0,
          132,
          0,
          0,
          2
        ],
        [
          0,
          0,
          45,
          0,
          0
        ],
        [
          0,
          0,
          0,
          81,
          0
        ],
        [
          2,
          0,
          1,
          0,
          131
        ]
      ],
      "classification_report": {
        "heap_sort": {
          "precision": 0.9692307692307692,
          "recall": 1.0,
          "f1-score": 0.984375,
          "support": 63.0
        },
        "introsort": {
          "precision": 1.0,
          "recall": 0.9850746268656716,
          "f1-score": 0.9924812030075187,
          "support": 134.0
        },
        "merge_sort": {
          "precision": 0.9782608695652174,
          "recall": 1.0,
          "f1-score": 0.989010989010989,
          "support": 45.0
        },
        "quick_sort": {
          "precision": 1.0,
          "recall": 1.0,
          "f1-score": 1.0,
          "support": 81.0
        },
        "shell_sort": {
          "precision": 0.9849624060150376,
          "recall": 0.9776119402985075,
          "f1-score": 0.9812734082397003,
          "support": 134.0
        },
        "accuracy": 0.9890590809628009,
        "macro avg": {
          "precision": 0.9864908089622049,
          "recall": 0.9925373134328357,
          "f1-score": 0.9894281200516417,
          "support": 457.0
        },
        "weighted avg": {
          "precision": 0.9892084026214185,
          "recall": 0.9890590809628009,
          "f1-score": 0.9890683532004856,
          "support": 457.0
        }
      },
      "n_rows": 457
    },
    "val": {
      "accuracy": 0.47959183673469385,
      "balanced_accuracy": 0.49675768450616314,
      "confusion_matrix": [
        [
          9,
          0,
          3,
          1,
          0
        ],
        [
          0,
          10,
          0,
          5,
          14
        ],
        [
          4,
          1,
          4,
          1,
          0
        ],
        [
          0,
          6,
          1,
          9,
          1
        ],
        [
          0,
          8,
          0,
          6,
          15
        ]
      ],
      "classification_report": {
        "heap_sort": {
          "precision": 0.6923076923076923,
          "recall": 0.6923076923076923,
          "f1-score": 0.6923076923076923,
          "support": 13.0
        },
        "introsort": {
          "precision": 0.4,
          "recall": 0.3448275862068966,
          "f1-score": 0.37037037037037035,
          "support": 29.0
        },
        "merge_sort": {
          "precision": 0.5,
          "recall": 0.4,
          "f1-score": 0.4444444444444444,
          "support": 10.0
        },
        "quick_sort": {
          "precision": 0.4090909090909091,
          "recall": 0.5294117647058824,
          "f1-score": 0.46153846153846156,
          "support": 17.0
        },
        "shell_sort": {
          "precision": 0.5,
          "recall": 0.5172413793103449,
          "f1-score": 0.5084745762711864,
          "support": 29.0
        },
        "accuracy": 0.47959183673469385,
        "macro avg": {
          "precision": 0.5002797202797203,
          "recall": 0.49675768450616314,
          "f1-score": 0.495427108986431,
          "support": 98.0
        },
        "weighted avg": {
          "precision": 0.48014842300556587,
          "recall": 0.47959183673469385,
          "f1-score": 0.4773173647265657,
          "support": 98.0
        }
      },
      "n_rows": 98
    },
    "test": {
      "accuracy": 0.47474747474747475,
      "balanced_accuracy": 0.4856048166392994,
      "confusion_matrix": [
        [
          12,
          0,
          2,
          0,
          0
        ],
        [
          0,
          10,
          1,
          2,
          16
        ],
        [
          5,
          1,
          2,
          1,
          0
        ],
        [
          0,
          5,
          0,
          10,
          3
        ],
        [
          0,
          8,
          1,
          7,
          13
        ]
      ],
      "classification_report": {
        "heap_sort": {
          "precision": 0.7058823529411765,
          "recall": 0.8571428571428571,
          "f1-score": 0.7741935483870968,
          "support": 14.0
        },
        "introsort": {
          "precision": 0.4166666666666667,
          "recall": 0.3448275862068966,
          "f1-score": 0.37735849056603776,
          "support": 29.0
        },
        "merge_sort": {
          "precision": 0.3333333333333333,
          "recall": 0.2222222222222222,
          "f1-score": 0.26666666666666666,
          "support": 9.0
        },
        "quick_sort": {
          "precision": 0.5,
          "recall": 0.5555555555555556,
          "f1-score": 0.5263157894736842,
          "support": 18.0
        },
        "shell_sort": {
          "precision": 0.40625,
          "recall": 0.4482758620689655,
          "f1-score": 0.4262295081967213,
          "support": 29.0
        },
        "accuracy": 0.47474747474747475,
        "macro avg": {
          "precision": 0.47242647058823534,
          "recall": 0.4856048166392994,
          "f1-score": 0.47415280065804133,
          "support": 99.0
        },
        "weighted avg": {
          "precision": 0.462090265399089,
          "recall": 0.47474747474747475,
          "f1-score": 0.4648125843642998,
          "support": 99.0
        }
      },
      "n_rows": 99
    }
  },
  "feature_columns": [
    "n_elements",
    "length_norm",
    "adj_sorted_ratio",
    "duplicate_ratio",
    "dispersion_ratio",
    "runs_ratio",
    "inversion_ratio",
    "entropy_ratio",
    "skewness_t",
    "kurtosis_excess_t",
    "longest_run_ratio",
    "iqr_norm",
    "mad_norm",
    "top1_freq_ratio",
    "top5_freq_ratio",
    "outlier_ratio",
    "mean_abs_diff_norm"
  ],
  "xgb_params": {
    "n_estimators": 500,
    "max_depth": 7,
    "learning_rate": 0.05,
    "subsample": 0.8,
    "colsample_bytree": 0.8,
    "min_child_weight": 5,
    "reg_alpha": 0.1,
    "reg_lambda": 1.0,
    "random_state": 42,
    "n_jobs": -1,
    "tree_method": "hist",
    "objective": "multi:softprob",
    "eval_metric": "mlogloss",
    "num_class": 5
  },
  "channel_balance_max_ratio": 3.0,
  "min_winner_margin": 0.0,
  "dropped_rare_classes": [],
  "class_counts_before_drop": {
    "introsort": 1344,
    "shell_sort": 400,
    "quick_sort": 116,
    "heap_sort": 90,
    "merge_sort": 64
  },
  "class_counts_after_drop": {
    "shell_sort": 192,
    "introsort": 192,
    "quick_sort": 116,
    "heap_sort": 90,
    "merge_sort": 64
  },
  "model_path": "/Users/ahmed/Desktop/thesis/My-Master-thesis/models/xgboost_v5_f1_per_channel/Distance/xgb_model.json"
}